song_title,song_id,artists,is_sexist,main_artist,artist_name,pct_songs_sexist_weighted,avg_sexist_prob
Boykott Lovelock,ea91666e-3e0f-4dda-bb2b-6e718a81a8e5,KuchenTV,1,KuchenTV,KuchenTV,83.33333333333334,0.9991014450788498
Das hat mit Islam nichts zu tun,27a7bd43-bbfb-48a5-9e6d-47f06251bf98,KuchenTV,1,KuchenTV,KuchenTV,83.33333333333334,0.9991014450788498
Ich bin der Nazi,43bc3676-1745-4f02-83a6-471d82f63727,KuchenTV,1,KuchenTV,KuchenTV,83.33333333333334,0.9991014450788498
Kanalzerstörer,98c3676f-55bb-4a24-af5a-81288bd8edfe,KuchenTV,1,KuchenTV,KuchenTV,83.33333333333334,0.9991014450788498
RevedTV Disstrack,a0b7dd43-4e2f-47ae-b9d3-b06c62f4c574,KuchenTV,1,KuchenTV,KuchenTV,83.33333333333334,0.9991014450788498
Vs. Aslan44 - [Vorrunde 1 - VBT 2015],c7f58612-c144-4b29-b9bb-a83f3225712e,KuchenTV,1,KuchenTV,KuchenTV,83.33333333333334,0.9991014450788498
Wir sind die Kanalzerstörer,8c165447-963e-4fe5-9d78-8c250d641450,KuchenTV,1,KuchenTV,KuchenTV,83.33333333333334,0.9991014450788498
Wokebubble Diss,fd0fc159-5851-443a-b2b7-7b02656bd5f2,KuchenTV,1,KuchenTV,KuchenTV,83.33333333333334,0.9991014450788498
Beschissene Songs,a28c6d44-8549-44d6-bb2b-3fff93b92ea6,Johnny Diggson,1,Johnny Diggson,Johnny Diggson,83.33333333333334,0.9980110675096512
Fame/ BBM ist die Gang,5314c6b4-dc3f-4c0d-9286-e86e4a4306d7,Johnny Diggson,1,Johnny Diggson,Johnny Diggson,83.33333333333334,0.9980110675096512
Mobbing Hochprofessionell,f83735f2-ea0d-49f1-8cb4-6ab29dd90490,Johnny Diggson,1,Johnny Diggson,Johnny Diggson,83.33333333333334,0.9980110675096512
Phantombild,801a32cf-1260-4ffa-a8c6-897ac44d750e,Johnny Diggson,1,Johnny Diggson,Johnny Diggson,83.33333333333334,0.9980110675096512
Vs. Casa [Platz 3 Battle JBB 2015],78dbfa7e-7a1e-4b31-8a2a-b5fafeb3c77d,Johnny Diggson,1,Johnny Diggson,Johnny Diggson,83.33333333333334,0.9980110675096512
Vs. Neo [Halbfinale JBB 2015],c5179f73-349e-4eb1-b834-92369eb4e224,Johnny Diggson,1,Johnny Diggson,Johnny Diggson,83.33333333333334,0.9980110675096512
Vs. Timatic [4tel-Finale JBB 2015],d67856a2-0c24-4332-b966-583e42c2148f,Johnny Diggson,1,Johnny Diggson,Johnny Diggson,83.33333333333334,0.9980110675096512
World Diggson,a2e1730c-86a3-4a7f-92dc-97d39ebbf0d5,Johnny Diggson,1,Johnny Diggson,Johnny Diggson,83.33333333333334,0.9980110675096512
30,d0cfe1f2-750f-4b8f-8458-396439aea2d3,Lance Butters,1,Lance Butters,Lance Butters,83.33333333333334,0.9978148564696312
ANGST,a1b87ed5-c77f-4f81-ba86-f8663412ed92,Lance Butters,1,Lance Butters,Lance Butters,83.33333333333334,0.9978148564696312
Blaow,39e3a595-1eaa-4f5a-b82d-e9cfbed8e839,Lance Butters,1,Lance Butters,Lance Butters,83.33333333333334,0.9978148564696312
Cool Story,d52eceb0-25da-45a3-b9e1-1658259cb096,Lance Butters,1,Lance Butters,Lance Butters,83.33333333333334,0.9978148564696312
Deal with It,2cf6fda4-a7cb-40ce-bf59-197bc50baad9,Lance Butters,1,Lance Butters,Lance Butters,83.33333333333334,0.9978148564696312
Dämliche Faggots,35046757-1b05-440f-a1ec-40c788eaa79e,Lance Butters,1,Lance Butters,Lance Butters,83.33333333333334,0.9978148564696312
Space Invader,55a43fee-8d45-4026-b7cc-f35276d79854,Lance Butters,1,Lance Butters,Lance Butters,83.33333333333334,0.9978148564696312
​futureshit,c25a2c2f-c5b2-4783-9ae6-3ac3365af20b,Lance Butters,1,Lance Butters,Lance Butters,83.33333333333334,0.9978148564696312
CL500,574583e8-560a-494a-86b1-c32d3112f45e,Gzuz,1,Gzuz,Gzuz,83.33333333333334,0.997565820813179
Donuts,8bd39928-b4ea-413d-a975-f8583985ecff,Gzuz,1,Gzuz,Gzuz,83.33333333333334,0.997565820813179
Ebbe & Flut,e563f161-13fd-4882-ad95-0b8780d264f1,Gzuz,1,Gzuz,Gzuz,83.33333333333334,0.997565820813179
Optimal,8e8c6973-3831-4ce5-adc6-f225cfd1e56d,Gzuz,1,Gzuz,Gzuz,83.33333333333334,0.997565820813179
Paff Paff und weiter,2db989df-bea4-452b-80cd-e06f3d13732c,Gzuz,1,Gzuz,Gzuz,83.33333333333334,0.997565820813179
Prollz,88cd1a39-2720-49f9-8aa0-68191ebf68a5,Gzuz,1,Gzuz,Gzuz,83.33333333333334,0.997565820813179
Rückspiegel,"9a1ab45c-f6ce-4cd2-b940-b6f28a18c8b6, 7d4636f1-5d0f-4423-9a2d-d0685374c074","Gzuz, Sinan-G",1,Gzuz,Gzuz,83.33333333333334,0.997565820813179
Schnapp!,eb1178fb-0f64-44e8-aed9-f6298aad6dac,Gzuz,1,Gzuz,Gzuz,83.33333333333334,0.997565820813179
Eskalation,aab59be6-4414-41e5-855b-1130e9c6304f,Finch,1,Finch,Finch,83.33333333333334,0.9975457265973091
Fick mich Finch (2018),af9e5422-b5ae-448f-b400-53b9dd41a6bd,Finch,1,Finch,Finch,83.33333333333334,0.9975457265973091
Kai hat frei,f434ba0e-8745-42bf-8c7a-1bde55ee568d,Finch,1,Finch,Finch,83.33333333333334,0.9975457265973091
Ledersklave Frederik,df841e60-55c3-4f5b-b17f-f621df788f6b,Finch,1,Finch,Finch,83.33333333333334,0.9975457265973091
Liebe ist...,1415daa6-db73-44c1-abf3-f1526c8d5929,Finch,1,Finch,Finch,83.33333333333334,0.9975457265973091
Onkelz Poster,8621572f-327c-43d8-88de-c5ebad7e39ea,Finch,1,Finch,Finch,83.33333333333334,0.9975457265973091
Sex & Gewalt,159b862f-2e38-4e7b-b173-dda2237001df,Finch,1,Finch,Finch,83.33333333333334,0.9975457265973091
WENN DU DUMM BiST,58bfd01d-f0c7-4bdb-893a-9fd0f418a606,Finch,1,Finch,Finch,83.33333333333334,0.9975457265973091
Bierfahrerbeifahrer,ab6500da-bdbc-4f18-a771-5694fa30b919,Dicht & Ergreifend,1,Dicht & Ergreifend,Dicht & Ergreifend,83.33333333333334,0.995834119617939
Dampf der Giganten,3c6581ff-e34a-4dd5-9f14-8ab883926942,Dicht & Ergreifend,1,Dicht & Ergreifend,Dicht & Ergreifend,83.33333333333334,0.995834119617939
Ghetto mi nix o,8b4f69ac-c6a7-4408-8267-099b2f2eef26,Dicht & Ergreifend,1,Dicht & Ergreifend,Dicht & Ergreifend,83.33333333333334,0.995834119617939
Grias de God scheene Gegn’d,180a0e72-c6b4-4887-bc75-701f1797e8bb,Dicht & Ergreifend,1,Dicht & Ergreifend,Dicht & Ergreifend,83.33333333333334,0.995834119617939
Meier & Wimmer,8a2edefd-a024-429c-979f-5b2d60400151,Dicht & Ergreifend,1,Dicht & Ergreifend,Dicht & Ergreifend,83.33333333333334,0.995834119617939
Ohne uns (Extended Version),bb41224e-6ea7-4ee8-a6af-4f5e2b47eb3f,Dicht & Ergreifend,1,Dicht & Ergreifend,Dicht & Ergreifend,83.33333333333334,0.995834119617939
Wer schwankt hod mehr vom Weg,6a2290b1-517a-4d31-a6fe-751a3d9588e9,Dicht & Ergreifend,1,Dicht & Ergreifend,Dicht & Ergreifend,83.33333333333334,0.995834119617939
Weydundagang,ce045f5a-3e41-48c6-a5d1-3457cabf10ea,Dicht & Ergreifend,1,Dicht & Ergreifend,Dicht & Ergreifend,83.33333333333334,0.995834119617939
Alpha,81e6f59e-3e46-4da3-9be6-6e1c75590be6,Kollegah,1,Kollegah,Kollegah,83.33333333333334,0.9955345913767815
Gamechanger,758c5843-eed9-4734-89a9-744ea6872c7b,Kollegah,1,Kollegah,Kollegah,83.33333333333334,0.9955345913767815
Genozid,a9ea2216-18af-45a2-a49f-fd9ee98e1b0b,Kollegah,1,Kollegah,Kollegah,83.33333333333334,0.9955345913767815
Halleluja,d94c1eca-74c0-4494-aa94-af350a25ff1f,Kollegah,1,Kollegah,Kollegah,83.33333333333334,0.9955345913767815
King,63f84264-5e47-4266-a94d-917f8f78ee94,Kollegah,1,Kollegah,Kollegah,83.33333333333334,0.9955345913767815
Legacy,74f383a7-9438-484e-968c-fd751a90c365,Kollegah,1,Kollegah,Kollegah,83.33333333333334,0.9955345913767815
Mondfinsternis,4f511ca4-be40-458a-9303-8f0f178f1f47,Kollegah,1,Kollegah,Kollegah,83.33333333333334,0.9955345913767815
Stiernackenkommando,ac7bc6ac-7e7a-4579-b4f9-98f197ff7858,Kollegah,1,Kollegah,Kollegah,83.33333333333334,0.9955345913767815
Allein,7ba37ded-ac98-4f77-8ad9-cc0308bd9ed1,ERRdeKa,1,ERRdeKa,ERRdeKa,83.33333333333334,0.9944202601909637
Atme ein atme aus,ae811a17-4521-4117-872d-5553b8a1bcf6,ERRdeKa,1,ERRdeKa,ERRdeKa,83.33333333333334,0.9944202601909637
Der perfekte Beat,deb1fdc3-282d-4157-aa2b-1f25b7d6123a,ERRdeKa,1,ERRdeKa,ERRdeKa,83.33333333333334,0.9944202601909637
Diggi,cc5a38e8-9b6b-4693-8bec-8cd72105b32f,ERRdeKa,1,ERRdeKa,ERRdeKa,83.33333333333334,0.9944202601909637
Frau für eine Nacht,a240475b-b640-4c96-8c91-1764590ffeba,ERRdeKa,1,ERRdeKa,ERRdeKa,83.33333333333334,0.9944202601909637
Ja ich bin Hipster,4476e4b9-e972-4990-8a35-e41b3f88ae7b,ERRdeKa,1,ERRdeKa,ERRdeKa,83.33333333333334,0.9944202601909637
Lass mich los,29c3115a-6984-4fca-8d39-f0ac5f3a5471,ERRdeKa,1,ERRdeKa,ERRdeKa,83.33333333333334,0.9944202601909637
Stroboskop,d1c3f67a-50d9-4f1f-be78-0264b5293a12,ERRdeKa,1,ERRdeKa,ERRdeKa,83.33333333333334,0.9944202601909637
Albanais,848aec47-9a38-4cd9-9355-c90935197dcf,Albi,1,Albi,Albi,83.33333333333334,0.9920148253440857
Bleiben wach,954a1aea-342a-4204-a6ad-33b1f5330a50,Albi,1,Albi,Albi,83.33333333333334,0.9920148253440857
CKPU,178f4fef-0d8b-46c4-b621-6de5f13c4ad7,Albi,1,Albi,Albi,83.33333333333334,0.9920148253440857
Guayaquil,19bb41c7-3a93-4dc1-8903-659986061531,Albi,1,Albi,Albi,83.33333333333334,0.9920148253440857
Intro (Meine Straße),d56f9cde-7eca-4d07-ace9-d19a901a78e2,Albi,1,Albi,Albi,83.33333333333334,0.9920148253440857
Nur ein Versuch,bd7bdf14-1f78-44fd-91fe-fc9fe75fd487,Albi,1,Albi,Albi,83.33333333333334,0.9920148253440857
Was jetzt,7d7e6e6a-43b8-48e8-9810-1bb4895ed2b2,Albi,1,Albi,Albi,83.33333333333334,0.9920148253440857
Woher (Snippet),66fa68f1-b395-4a6d-ac23-b64b7d614872,Albi,1,Albi,Albi,83.33333333333334,0.9920148253440857
3. Halbzeit,6253d19d-d3d7-49bb-9098-1c8b2158f575,Creutzfeld & Jakob,1,Creutzfeld & Jakob,Creutzfeld & Jakob,83.33333333333334,0.9918342977762222
Anfangsstadium,55a22dcc-bb77-45b5-863e-c72c50359c69,Creutzfeld & Jakob,1,Creutzfeld & Jakob,Creutzfeld & Jakob,83.33333333333334,0.9918342977762222
Fehdehandschuh,f291036d-23d7-4045-bede-4bee38eedf70,Creutzfeld & Jakob,1,Creutzfeld & Jakob,Creutzfeld & Jakob,83.33333333333334,0.9918342977762222
Flipstar,952151fd-16c2-44f3-936e-6cc14a9db957,Creutzfeld & Jakob,1,Creutzfeld & Jakob,Creutzfeld & Jakob,83.33333333333334,0.9918342977762222
Lass die Puppen tanzen,329050a6-427b-4a86-ad09-97d464084244,Creutzfeld & Jakob,1,Creutzfeld & Jakob,Creutzfeld & Jakob,83.33333333333334,0.9918342977762222
"Rhymes, Weed, Cash, Beatz",bd80448a-8342-4c21-b078-52f0e9fa9a8d,Creutzfeld & Jakob,1,Creutzfeld & Jakob,Creutzfeld & Jakob,83.33333333333334,0.9918342977762222
Wer meint´s ernst,5ac584b0-a8dc-4257-84b7-cf303fd76663,Creutzfeld & Jakob,1,Creutzfeld & Jakob,Creutzfeld & Jakob,83.33333333333334,0.9918342977762222
Zugzwang,7f7d6bcc-e503-4132-97bd-3782c9473bc8,Creutzfeld & Jakob,1,Creutzfeld & Jakob,Creutzfeld & Jakob,83.33333333333334,0.9918342977762222
Druckbetankung,7ce79e0b-b988-4fa7-9d98-0b4bafecd5af,Shiml,1,Shiml,Shiml,83.33333333333334,0.9915751963853836
Er & Ich 2009,c7fd3b2b-760b-40f8-af25-6e3fc7997668,Shiml,1,Shiml,Shiml,83.33333333333334,0.9915751963853836
Ich regel das,b55a0da5-902e-40d5-bb0f-e9c6a82799aa,Shiml,1,Shiml,Shiml,83.33333333333334,0.9915751963853836
Im Alleingang,aa9475ab-04fc-407f-9876-0f4453554580,Shiml,1,Shiml,Shiml,83.33333333333334,0.9915751963853836
Pechschwarz,e466e07f-df18-4418-9f5d-bca48d828634,Shiml,1,Shiml,Shiml,83.33333333333334,0.9915751963853836
Tequila,56a139f2-0ace-4c5e-be27-4644f57e4897,Shiml,1,Shiml,Shiml,83.33333333333334,0.9915751963853836
Truemanshow,c098b423-48b9-4d7a-a1d2-c8a0c226965b,Shiml,1,Shiml,Shiml,83.33333333333334,0.9915751963853836
Weinender Clown,06953eae-c453-476d-a69d-7d7274b38200,Shiml,1,Shiml,Shiml,83.33333333333334,0.9915751963853836
Habibi,3dbdf108-55f4-49ac-bf1d-4b88fa884082,Kurdo,1,Kurdo,Kurdo,83.33333333333334,0.9907995536923409
Nike Kappe umgekehrt,611a2943-a37a-4ef3-ace0-42e98aecb763,Kurdo,1,Kurdo,Kurdo,83.33333333333334,0.9907995536923409
Rendezvous,f4712f64-f01f-48f7-8d8c-b2a1ea85426f,Kurdo,1,Kurdo,Kurdo,83.33333333333334,0.9907995536923409
Schwarz Matte Kalasch,684ed94c-b874-45db-b2c5-664bd43afea9,Kurdo,1,Kurdo,Kurdo,83.33333333333334,0.9907995536923409
Slumdog,81c24e32-6276-4cde-859b-7a697b57978f,Kurdo,1,Kurdo,Kurdo,83.33333333333334,0.9907995536923409
Vermiss dich,b04af4b1-32e8-415b-b737-9b9c6a0fdc65,Kurdo,1,Kurdo,Kurdo,83.33333333333334,0.9907995536923409
Wir sind nicht wie du,062a4181-9f50-442f-9562-318947e4bab6,Kurdo,1,Kurdo,Kurdo,83.33333333333334,0.9907995536923409
Ya Salam,0470ed12-d88b-4a1f-ad6a-4c93b21a89ad,Kurdo,1,Kurdo,Kurdo,83.33333333333334,0.9907995536923409
Decke voller Tränen,bfc4325c-20bb-4219-9940-7a2f327dcde2,Lityway & Yungfijay,1,Lityway & Yungfijay,Lityway & Yungfijay,83.33333333333334,0.9902150556445122
Ein Wort,f776e44c-5948-4a6e-8a9c-5a100560e231,Lityway & Yungfijay,1,Lityway & Yungfijay,Lityway & Yungfijay,83.33333333333334,0.9902150556445122
Für dich (Remix),cde82b99-33c0-4b94-8380-f89b2032e3ec,Lityway & Yungfijay,1,Lityway & Yungfijay,Lityway & Yungfijay,83.33333333333334,0.9902150556445122
GEISTERHAUS,2c44dbd8-b311-417c-9fa8-cb23e9d0a24d,Lityway & Yungfijay,1,Lityway & Yungfijay,Lityway & Yungfijay,83.33333333333334,0.9902150556445122
Letztes Liebeslied,67a7e200-c536-4766-9237-528bf6099310,Lityway & Yungfijay,1,Lityway & Yungfijay,Lityway & Yungfijay,83.33333333333334,0.9902150556445122
Mit dir gehts mir gut,0795ae07-e554-45bd-86a1-6a0d14d56a42,Lityway & Yungfijay,1,Lityway & Yungfijay,Lityway & Yungfijay,83.33333333333334,0.9902150556445122
Verliere mich,313d0899-5b73-4509-a6d6-0e3c21c023f4,Lityway & Yungfijay,1,Lityway & Yungfijay,Lityway & Yungfijay,83.33333333333334,0.9902150556445122
Welt Bereisen,25d098cd-ac0e-4968-bd1a-d98893fb20f5,Lityway & Yungfijay,1,Lityway & Yungfijay,Lityway & Yungfijay,83.33333333333334,0.9902150556445122
Alice im Wunderland,d83fe835-4da5-4026-a030-6418a6656877,Disarstar,1,Disarstar,Disarstar,83.33333333333334,0.9896719455718994
Bewegung,032ea6f2-b398-4259-81d9-1ecfc9e1cb17,Disarstar,1,Disarstar,Disarstar,83.33333333333334,0.9896719455718994
Großraumbüro,7d6d3ef6-6013-45cb-8e4b-ac6ba4a778c2,Disarstar,1,Disarstar,Disarstar,83.33333333333334,0.9896719455718994
Nachbarschaft,6ef038ee-be3f-42e5-ab01-a816620f0c33,Disarstar,1,Disarstar,Disarstar,83.33333333333334,0.9896719455718994
ROLEX FÜR ALLE,372b67ce-99ff-4cb3-aa53-89c52bab2812,Disarstar,1,Disarstar,Disarstar,83.33333333333334,0.9896719455718994
Siamo Tutti,f808fe26-ad15-4515-bb4f-e2e8716a25c3,Disarstar,1,Disarstar,Disarstar,83.33333333333334,0.9896719455718994
Trauma,e4190112-b1c9-4861-a2c2-b768be16d0eb,Disarstar,1,Disarstar,Disarstar,83.33333333333334,0.9896719455718994
Vergiss mein nicht,13e54d33-7a13-40b6-bd32-0482497d92ca,Disarstar,1,Disarstar,Disarstar,83.33333333333334,0.9896719455718994
44 Stiche,22eec023-4db3-4728-b158-5f61286c2ae9,Play69,1,Play69,Play69,83.33333333333334,0.9880772829055786
Champions League,ebba162f-d873-4c46-bb1c-f6064e2823df,Play69,1,Play69,Play69,83.33333333333334,0.9880772829055786
Gestern nix heute Star,0cbc204b-6552-4b4d-8144-550693afdf3b,Play69,1,Play69,Play69,83.33333333333334,0.9880772829055786
Ghetto Romantik III,2da8472b-ca64-4689-a9b9-545a44f08298,Play69,1,Play69,Play69,83.33333333333334,0.9880772829055786
Helal Money Gang,172ead28-ae03-4ea2-8a33-04d16d4752f5,Play69,1,Play69,Play69,83.33333333333334,0.9880772829055786
KUGELSICHERER JUGENDLICHER,5ae4823d-b7f5-487c-99be-9aa423922389,Play69,1,Play69,Play69,83.33333333333334,0.9880772829055786
Karma,fb488b18-de1e-4169-870b-8ebd8758c02b,Play69,1,Play69,Play69,83.33333333333334,0.9880772829055786
MÖRDER,b2df565b-e767-434c-b792-5ac5f75e4df0,Play69,1,Play69,Play69,83.33333333333334,0.9880772829055786
Für immer und ewig,2aadb34a-6163-4940-aa36-f63039ab1569,Rödelheim Hartreim Projekt,1,Rödelheim Hartreim Projekt,Rödelheim Hartreim Projekt,83.33333333333334,0.9879201576113701
Guter Tag,466e10ce-1e7f-4068-8c8c-47b066e3b00e,Rödelheim Hartreim Projekt,1,Rödelheim Hartreim Projekt,Rödelheim Hartreim Projekt,83.33333333333334,0.9879201576113701
Keine ist,19c1f98a-dce5-4662-8c96-20fd8352f844,Rödelheim Hartreim Projekt,1,Rödelheim Hartreim Projekt,Rödelheim Hartreim Projekt,83.33333333333334,0.9879201576113701
Mamaplazda,38865536-8e96-4682-9a91-2cb3b709eb1b,Rödelheim Hartreim Projekt,1,Rödelheim Hartreim Projekt,Rödelheim Hartreim Projekt,83.33333333333334,0.9879201576113701
Mein Style,c210e354-0fe4-4683-b722-ac0b819635b4,Rödelheim Hartreim Projekt,1,Rödelheim Hartreim Projekt,Rödelheim Hartreim Projekt,83.33333333333334,0.9879201576113701
Papa,26f6b37f-05cd-4fe6-a094-988fec5e2d4f,Rödelheim Hartreim Projekt,1,Rödelheim Hartreim Projekt,Rödelheim Hartreim Projekt,83.33333333333334,0.9879201576113701
Sadoma Ehrlich,18e31060-98a2-4078-b147-68faf7d01c5f,Rödelheim Hartreim Projekt,1,Rödelheim Hartreim Projekt,Rödelheim Hartreim Projekt,83.33333333333334,0.9879201576113701
Türkisch (Gib’n weita),a3b8b657-dbdc-4898-8059-49b04d990721,Rödelheim Hartreim Projekt,1,Rödelheim Hartreim Projekt,Rödelheim Hartreim Projekt,83.33333333333334,0.9879201576113701
Baggies,47241e04-176b-408a-bbf8-30d61b337dde,Sääftig,1,Sääftig,Sääftig,83.33333333333334,0.9817406088113785
Bayrisch Drill,19c8d892-8488-4965-92d8-9d9cf6ec6a48,Sääftig,1,Sääftig,Sääftig,83.33333333333334,0.9817406088113785
Bayrisch Drip,8b52202b-8f80-411e-b86e-f098d7649932,Sääftig,1,Sääftig,Sääftig,83.33333333333334,0.9817406088113785
BÄBY,e815f8f7-8393-406a-a6e9-5e54c2034c2e,Sääftig,1,Sääftig,Sääftig,83.33333333333334,0.9817406088113785
Dirndl Weed,04cb2575-4293-4a27-9ad8-f3cb4b63abd4,Sääftig,1,Sääftig,Sääftig,83.33333333333334,0.9817406088113785
GELBER REGEN,317b1384-2dbb-45da-a3d5-33a8bfe40f14,Sääftig,1,Sääftig,Sääftig,83.33333333333334,0.9817406088113785
JOA,026f0923-a7d9-4814-8546-d8651f98ab3a,Sääftig,1,Sääftig,Sääftig,83.33333333333334,0.9817406088113785
KAISERSCHMARRN,f2acf8ee-faeb-413d-a1be-eee22f55a112,Sääftig,1,Sääftig,Sääftig,83.33333333333334,0.9817406088113785
Fotze,6106bb33-a25f-4d99-b456-d94924f9f632,Der Asiate,1,Der Asiate,Der Asiate,83.33333333333334,0.98011664301157
Fuckin,717386e6-d593-48ee-ac03-918c017bd998,Der Asiate,1,Der Asiate,Der Asiate,83.33333333333334,0.98011664301157
Für die Ewigkeit,50658c7f-7bfe-4dce-ad7b-4aacbcf61e9f,Der Asiate,1,Der Asiate,Der Asiate,83.33333333333334,0.98011664301157
Juliensöhne,73b39fb7-39fd-444c-9218-61b415e07229,Der Asiate,1,Der Asiate,Der Asiate,83.33333333333334,0.98011664301157
Meine Lieblingsrapper/innen,4b23816a-a101-4dfe-896f-899175399d89,Der Asiate,1,Der Asiate,Der Asiate,83.33333333333334,0.98011664301157
Qualifikation [JBB 2012],8d93b286-d4d6-4ad0-bd13-afd32802eb77,Der Asiate,1,Der Asiate,Der Asiate,83.33333333333334,0.98011664301157
Vs. AHMED [4tel-Finale JBB 2012],4e444912-2aa2-46e0-936e-0b0be42852d8,Der Asiate,1,Der Asiate,Der Asiate,83.33333333333334,0.98011664301157
Wir sind die Polizei,562d216f-6d01-43f1-8ecd-c37666e2020c,Der Asiate,1,Der Asiate,Der Asiate,83.33333333333334,0.98011664301157
Der gleiche Scheiß im Kleinen (Part 1),e3ed68a2-7174-4676-9fd5-f1ba2c414a32,Lena Stoehrfaktor,1,Lena Stoehrfaktor,Lena Stoehrfaktor,83.33333333333334,0.9765547588467598
Die Angst Vor Dem Verlieren,07582ec0-3504-45b6-ba85-b07d6f2f42e1,Lena Stoehrfaktor,1,Lena Stoehrfaktor,Lena Stoehrfaktor,83.33333333333334,0.9765547588467598
Die Angst vor den Gedanken verlieren,f9c323e8-33ce-4994-8853-ce546e5d0213,Lena Stoehrfaktor,1,Lena Stoehrfaktor,Lena Stoehrfaktor,83.33333333333334,0.9765547588467598
Flunkyballs,efcb2fb2-0c24-482f-a5e3-7e415b9cfd9e,Lena Stoehrfaktor,1,Lena Stoehrfaktor,Lena Stoehrfaktor,83.33333333333334,0.9765547588467598
Freu Dich 2,7917c8a8-ba9f-4ef4-b484-208b87535db5,Lena Stoehrfaktor,1,Lena Stoehrfaktor,Lena Stoehrfaktor,83.33333333333334,0.9765547588467598
Kein Frieden mit der Mitte - Don’t walk that line,76029dc8-9544-456b-8f47-c53d4be55144,Lena Stoehrfaktor,1,Lena Stoehrfaktor,Lena Stoehrfaktor,83.33333333333334,0.9765547588467598
Passt aufeinander auf,6f462eef-b938-465b-ae5c-3ad87fd81cf8,Lena Stoehrfaktor,1,Lena Stoehrfaktor,Lena Stoehrfaktor,83.33333333333334,0.9765547588467598
Unerhört,6ddf7a97-d7e2-447c-accf-d4cfafe02ea3,Lena Stoehrfaktor,1,Lena Stoehrfaktor,Lena Stoehrfaktor,83.33333333333334,0.9765547588467598
2CB,698b9381-9155-4fdb-89a6-276ecd5d1fe3,RAF Camora,1,RAF Camora,RAF Camora,83.33333333333334,0.9743812531232834
Adriana,3b37d611-0c8c-49c8-8500-4f90f3ff6e47,RAF Camora,1,RAF Camora,RAF Camora,83.33333333333334,0.9743812531232834
Geschichte,b2087112-a7dd-4ea1-99ef-507a58250ac0,RAF Camora,1,RAF Camora,RAF Camora,83.33333333333334,0.9743812531232834
Gotham City,c48ecdcc-7cb5-4839-ad68-4ee83d1f38b1,RAF Camora,1,RAF Camora,RAF Camora,83.33333333333334,0.9743812531232834
Kokain,c26e75f0-4c0c-47fe-b9c5-129f46411543,RAF Camora,1,RAF Camora,RAF Camora,83.33333333333334,0.9743812531232834
Kontrollieren,f03b64d6-6943-4f9e-bea3-d75d3146c104,RAF Camora,1,RAF Camora,RAF Camora,83.33333333333334,0.9743812531232834
Primo,96f1b87b-e10c-4bab-a00c-7f363fed2fc7,RAF Camora,1,RAF Camora,RAF Camora,83.33333333333334,0.9743812531232834
Waffen,553398cb-bf36-4aa9-8c77-44a210507254,RAF Camora,1,RAF Camora,RAF Camora,83.33333333333334,0.9743812531232834
Acid Bass & Zappeln,5a9f02b0-eef0-4a3c-832e-573de9268a29,DJ Reckless,1,DJ Reckless,DJ Reckless,83.33333333333334,0.9719267934560776
Banger Spieler Atzen Dealer,63d930f4-022f-4212-bf8f-ff3e6b343b13,DJ Reckless,1,DJ Reckless,DJ Reckless,83.33333333333334,0.9719267934560776
Berlin bleibt Nummer 1,acb00ea5-0bc7-45a3-aea6-cec5a99c8040,DJ Reckless,1,DJ Reckless,DJ Reckless,83.33333333333334,0.9719267934560776
Bleib Wach,1f6f1c43-4e0a-40df-aa2f-2fbc7ede8a6b,DJ Reckless,1,DJ Reckless,DJ Reckless,83.33333333333334,0.9719267934560776
"Chrom, Schwarz, Fatcap",e5be7d09-6024-4ff0-bf1c-9f40689f43de,DJ Reckless,1,DJ Reckless,DJ Reckless,83.33333333333334,0.9719267934560776
Hustle Non Stop,a26fc63e-d1d8-4482-b82d-91e408aeb1f9,DJ Reckless,1,DJ Reckless,DJ Reckless,83.33333333333334,0.9719267934560776
Tittenparadies,285e3039-1e60-4c8a-ac39-250c51db9267,DJ Reckless,1,DJ Reckless,DJ Reckless,83.33333333333334,0.9719267934560776
Wir Raven Weiter,1ff69cff-e495-4d76-9470-af5d73839bee,DJ Reckless,1,DJ Reckless,DJ Reckless,83.33333333333334,0.9719267934560776
Allein sein,b8e44693-0be1-4959-b789-17659468916d,Beyazz,1,Beyazz,Beyazz,83.33333333333334,0.9706812724471092
Don’t Cry,357f6bd1-2480-4ee7-bc70-65cd6dd057d2,Beyazz,1,Beyazz,Beyazz,83.33333333333334,0.9706812724471092
Fick die Welt,54656114-1961-4d42-a106-4fcba009f354,Beyazz,1,Beyazz,Beyazz,83.33333333333334,0.9706812724471092
Kara,a6155440-3b86-4b6d-9aab-3ae95b6f68df,Beyazz,1,Beyazz,Beyazz,83.33333333333334,0.9706812724471092
Letzte Nacht,52bf2260-6bec-447d-ba04-7330565ed268,Beyazz,1,Beyazz,Beyazz,83.33333333333334,0.9706812724471092
Sailor Moon,9d38417e-20ec-4294-aba1-7c9d8b69dacd,Beyazz,1,Beyazz,Beyazz,83.33333333333334,0.9706812724471092
Sterne,1538a281-506c-4eeb-91f3-e5349f81854a,Beyazz,1,Beyazz,Beyazz,83.33333333333334,0.9706812724471092
Wach,a5fcc08b-5d0f-4a19-9bf7-051b2c5fd980,Beyazz,1,Beyazz,Beyazz,83.33333333333334,0.9706812724471092
Breakdancebattle,f1d65aa1-1793-4c3d-906d-655e7a085a93,Karate Andi,1,Karate Andi,Karate Andi,83.33333333333334,0.9669629037380219
Eisen,5afa6477-e58d-42da-aa0f-db4a5875f82e,Karate Andi,1,Karate Andi,Karate Andi,83.33333333333334,0.9669629037380219
Generation Andi,d9e6efcb-27db-42b2-9ef7-5fee15d05baa,Karate Andi,1,Karate Andi,Karate Andi,83.33333333333334,0.9669629037380219
Gott sieht alles,be7665f0-5a7b-4788-986f-4fc62dfdf467,Karate Andi,1,Karate Andi,Karate Andi,83.33333333333334,0.9669629037380219
Selfmade Legion,9cdc31cf-6803-4e6d-8686-061b974a84a7,Karate Andi,1,Karate Andi,Karate Andi,83.33333333333334,0.9669629037380219
So viel gemeinsam,d821a199-d5f5-47e6-bca4-9eaee856da13,Karate Andi,1,Karate Andi,Karate Andi,83.33333333333334,0.9669629037380219
Verschwende deine Jugend,3edf0b23-2f8e-457e-9f1d-93ca95adba79,Karate Andi,1,Karate Andi,Karate Andi,83.33333333333334,0.9669629037380219
Willkommen Im Karateclub,7272f02b-03a9-4f48-ac06-fa167b9bf293,Karate Andi,1,Karate Andi,Karate Andi,83.33333333333334,0.9669629037380219
Automaten,8d852398-6879-47aa-8ab8-1748495742ae,Schlagzeiln,1,Schlagzeiln,Schlagzeiln,83.33333333333334,0.9552123099565506
Deswegen Sag Ich Nichts Mehr,25337185-23d6-46fb-9ecf-f15b6bddd4d9,Schlagzeiln,1,Schlagzeiln,Schlagzeiln,83.33333333333334,0.9552123099565506
Deutschland ist ein Athlet,df997667-273b-4760-b3dc-bc3138d8aad8,Schlagzeiln,1,Schlagzeiln,Schlagzeiln,83.33333333333334,0.9552123099565506
Die Zeit,dda4a822-8b0b-4834-a2cb-1b8bc07ff954,Schlagzeiln,1,Schlagzeiln,Schlagzeiln,83.33333333333334,0.9552123099565506
Die selbe Sucht,a6014d9a-3b11-44bb-b958-d4f54f890ca5,Schlagzeiln,1,Schlagzeiln,Schlagzeiln,83.33333333333334,0.9552123099565506
Meister der Attitüde,ad41f32c-d666-4720-8508-f21cfb65fa3b,Schlagzeiln,1,Schlagzeiln,Schlagzeiln,83.33333333333334,0.9552123099565506
Rosen,8d053e56-03e5-4e6b-8f0c-a07383bdce98,Schlagzeiln,1,Schlagzeiln,Schlagzeiln,83.33333333333334,0.9552123099565506
Zeckenschwemme,33d8cef0-a5a4-46a4-86a3-79aa777deaa8,Schlagzeiln,1,Schlagzeiln,Schlagzeiln,83.33333333333334,0.9552123099565506
Alles für uns,b171f4d6-056a-4282-a1b5-4816a7e31b2d,Sinan-G,1,Sinan-G,Sinan-G,83.33333333333334,0.9491104483604431
Die Waffen sind geladen,44d00bde-0a5c-4cbb-b303-501e8ef45510,Sinan-G,1,Sinan-G,Sinan-G,83.33333333333334,0.9491104483604431
Die Waffen sind geladen II,8718f017-6142-43bf-8141-d99a1a2965d8,Sinan-G,1,Sinan-G,Sinan-G,83.33333333333334,0.9491104483604431
Dogs of Berlin,0eb2968b-e77f-4ebd-b3ca-95b313ffd509,Sinan-G,1,Sinan-G,Sinan-G,83.33333333333334,0.9491104483604431
Ihr seid keine Männer,8f5e6a6b-b8aa-42ce-8156-c443797a60ff,Sinan-G,1,Sinan-G,Sinan-G,83.33333333333334,0.9491104483604431
Keine Schwäche zeigen,81ad77aa-b7d6-4e29-8598-1376c34f0b7b,Sinan-G,1,Sinan-G,Sinan-G,83.33333333333334,0.9491104483604431
WBDDDMG,f29bc788-3b8e-450c-877a-c5790e221b24,Sinan-G,1,Sinan-G,Sinan-G,83.33333333333334,0.9491104483604431
1001 Nacht,c40a212b-23b0-43e5-89b0-a8e9ec3c5e99,Credibil,1,Credibil,Credibil,83.33333333333334,0.9450225457549095
Feuerfunke,599d1e30-561b-48e9-8f61-20098deba7ca,Credibil,1,Credibil,Credibil,83.33333333333334,0.9450225457549095
Gangsterrap,97984de5-85a1-4060-b111-59b20ee24f8d,Credibil,1,Credibil,Credibil,83.33333333333334,0.9450225457549095
Mein Leben,53917be9-c3a9-420a-b455-c289611865ff,Credibil,1,Credibil,Credibil,83.33333333333334,0.9450225457549095
Meine Sprache,5e1b9ac8-f97c-421f-bd65-371726126e05,Credibil,1,Credibil,Credibil,83.33333333333334,0.9450225457549095
Schlaflos,c6baddf0-2f44-471b-b9c6-3b9842ac2db5,Credibil,1,Credibil,Credibil,83.33333333333334,0.9450225457549095
So schön hässlich,51a9bd88-3a21-4cb7-968d-7accd748779b,Credibil,1,Credibil,Credibil,83.33333333333334,0.9450225457549095
Will lieber,247f961a-45e9-46bb-9853-884d8352cb67,Credibil,1,Credibil,Credibil,83.33333333333334,0.9450225457549095
20 Zoll Mann (Live),fb5de27b-45f1-4d00-8610-bef7315deaf7,Äi-Tiem,1,Äi-Tiem,Äi-Tiem,83.33333333333334,0.944140687584877
All Das Mag Ich,d4d82d03-5c77-4788-aeb9-e6da57b5efac,Äi-Tiem,1,Äi-Tiem,Äi-Tiem,83.33333333333334,0.944140687584877
"Auf Die Fresse, Fertig, Los!",1b44261f-96fe-434d-a98c-a3778a6f2fec,Äi-Tiem,1,Äi-Tiem,Äi-Tiem,83.33333333333334,0.944140687584877
Erbarmungslos,18f13442-db74-4e20-bdac-927a7f5ffb53,Äi-Tiem,1,Äi-Tiem,Äi-Tiem,83.33333333333334,0.944140687584877
Fikken,decdff9d-56af-439d-8b87-2e85c5e07f73,Äi-Tiem,1,Äi-Tiem,Äi-Tiem,83.33333333333334,0.944140687584877
Kein Kommentar,f7fa6141-c54a-4930-aa7f-7675d0507079,Äi-Tiem,1,Äi-Tiem,Äi-Tiem,83.33333333333334,0.944140687584877
Kleina Wixa,a0776e42-97bc-4cdb-b119-e208bdd87339,Äi-Tiem,1,Äi-Tiem,Äi-Tiem,83.33333333333334,0.944140687584877
Titten Wippen Bei Meinem Bass. Zu Laut? Was Heißt Das?,ca7e1d01-125e-495f-a466-487445240061,Äi-Tiem,1,Äi-Tiem,Äi-Tiem,83.33333333333334,0.944140687584877
Bas Gaza,af23b766-1180-4b43-82a5-24e00afd5448,Noah,1,Noah,Noah,83.33333333333334,0.938255064189434
GOOSE,140143cc-7652-4711-9603-19a1357e0c15,Noah,1,Noah,Noah,83.33333333333334,0.938255064189434
Lamborghini,ea9c6dc3-50fc-4479-913d-3afdd1651cfe,Noah,1,Noah,Noah,83.33333333333334,0.938255064189434
Offline,09658f17-210d-46ca-b766-4c2ba51a1502,Noah,1,Noah,Noah,83.33333333333334,0.938255064189434
Omuzumda,9076cf90-6ace-46a5-93f8-10c71743d6b8,Noah,1,Noah,Noah,83.33333333333334,0.938255064189434
Quapo,9e3b1cf4-b3ee-4acb-b241-d86445a61b06,Noah,1,Noah,Noah,83.33333333333334,0.938255064189434
Status,65317c00-decb-441e-9d5b-0520ea9dd253,Noah,1,Noah,Noah,83.33333333333334,0.938255064189434
ai ai ai,625f2eb0-29e5-4117-8b5a-5392ca3e2141,Noah,1,Noah,Noah,83.33333333333334,0.938255064189434
Alles,4ed71244-fd59-400d-a177-3fdaaf9f5d4a,Sabrina Setlur,1,Sabrina Setlur,Sabrina Setlur,83.33333333333334,0.9341685324907303
Du liebst mich nicht,5987bf86-4e07-46a2-b445-b72f7a19d89f,Sabrina Setlur,1,Sabrina Setlur,Sabrina Setlur,83.33333333333334,0.9341685324907303
Glaubst Du mir?,4427e4d7-5a33-4472-84da-5706c32d8710,Sabrina Setlur,1,Sabrina Setlur,Sabrina Setlur,83.33333333333334,0.9341685324907303
Hija,6b171b67-a4bf-4a19-94cb-5da61cd1cb9a,Sabrina Setlur,1,Sabrina Setlur,Sabrina Setlur,83.33333333333334,0.9341685324907303
Ich bin so,9aec9845-372c-4f95-afd0-7623f818c1c6,Sabrina Setlur,1,Sabrina Setlur,Sabrina Setlur,83.33333333333334,0.9341685324907303
Ich leb für Dich,e8012233-707d-41fe-8561-66b07611c30a,Sabrina Setlur,1,Sabrina Setlur,Sabrina Setlur,83.33333333333334,0.9341685324907303
Ja klar,4438029a-9cba-41c3-88dd-39d533b5bab6,Sabrina Setlur,1,Sabrina Setlur,Sabrina Setlur,83.33333333333334,0.9341685324907303
Rödelheim,b209853f-ba5b-4156-ab8d-e0d764e4caf5,Sabrina Setlur,1,Sabrina Setlur,Sabrina Setlur,83.33333333333334,0.9341685324907303
1991,c57cab91-df8a-4ae0-a873-f6971bcd4508,BRKN,1,BRKN,BRKN,83.33333333333334,0.9289850890636444
Drama,efd3b0fe-129a-442a-b994-9c23f5cb56d4,BRKN,1,BRKN,BRKN,83.33333333333334,0.9289850890636444
Ein Zimmer,940aac3b-053d-451f-a5df-0979caf713fb,BRKN,1,BRKN,BRKN,83.33333333333334,0.9289850890636444
Eine Million,35313e44-2446-4f20-8aee-3acb860f41cb,BRKN,1,BRKN,BRKN,83.33333333333334,0.9289850890636444
Hollywood 36,cf454d6a-ce28-41c9-bf57-355b7aea6217,BRKN,1,BRKN,BRKN,83.33333333333334,0.9289850890636444
Jede Nacht,15f9c8dd-3c7a-4c68-ae44-86e9955bfaad,BRKN,1,BRKN,BRKN,83.33333333333334,0.9289850890636444
Kein Liebessong,0fe36f9b-a1b4-475f-80e2-d90fc1d7f782,BRKN,1,BRKN,BRKN,83.33333333333334,0.9289850890636444
U8,927b9f05-5887-4cd5-9b05-138478fe6e1b,BRKN,1,BRKN,BRKN,83.33333333333334,0.9289850890636444
15,ccb4ed3a-34c3-4063-9859-e63c69e03589,Albino,1,Albino,Albino,83.33333333333334,0.9119424223899841
Carstvo poroka,32f44e84-8e5e-47c4-8382-c0edd9133aac,Albino,1,Albino,Albino,83.33333333333334,0.9119424223899841
Eros,c89865a3-4007-4072-96fc-eed684686d43,Albino,1,Albino,Albino,83.33333333333334,0.9119424223899841
Familija,9443f11a-0846-43e7-8557-465965ee8887,Albino,1,Albino,Albino,83.33333333333334,0.9119424223899841
Glas u galami,8ac4adfb-9e88-4a74-bc3f-347be45a01d8,Albino,1,Albino,Albino,83.33333333333334,0.9119424223899841
Kad Otopli,fe801394-057c-4deb-b6a1-7f23ac31a0c3,Albino,1,Albino,Albino,83.33333333333334,0.9119424223899841
Kutija cigara,4757e036-d86c-4fbf-a89c-d5c91835f97c,Albino,1,Albino,Albino,83.33333333333334,0.9119424223899841
Moje more,d2deb2d3-bbb7-4942-b24d-f9c4c0692ad2,Albino,1,Albino,Albino,83.33333333333334,0.9119424223899841
Autotür,2d70573a-26d6-4a59-81f2-45ce0fa531bf,Fourty,1,Fourty,Fourty,83.33333333333334,0.9004171043634415
Flugangst,d84a3210-7511-43fc-a60d-dc4bd2737628,Fourty,1,Fourty,Fourty,83.33333333333334,0.9004171043634415
HERZ GEGEN VERSTAND,e36b678f-3455-48c5-bccf-d6d79bd0de5a,Fourty,1,Fourty,Fourty,83.33333333333334,0.9004171043634415
Memories,6cc1e6ec-8ab4-4559-845b-05ebfe9330e1,Fourty,1,Fourty,Fourty,83.33333333333334,0.9004171043634415
Over,f448e6bd-507c-4f5c-9fe0-ce88810bd582,Fourty,1,Fourty,Fourty,83.33333333333334,0.9004171043634415
VEMPA,e8a693d5-5a83-4512-8fe8-1b8967b883f0,Fourty,1,Fourty,Fourty,83.33333333333334,0.9004171043634415
WEISSER RAUCH,5b9b173a-b59d-4f05-878c-306bcc3058d7,Fourty,1,Fourty,Fourty,83.33333333333334,0.9004171043634415
WIEDER MAL,bcffad01-55d9-4131-bb17-5fb8d9e249b7,Fourty,1,Fourty,Fourty,83.33333333333334,0.9004171043634415
21,5ec11c41-6cfb-4808-a9a5-a384e150300e,Tiavo,1,Tiavo,Tiavo,83.33333333333334,0.8793401643633842
FERN VON MIR,0b2471fe-9b58-42f6-afb4-b276292e3373,Tiavo,1,Tiavo,Tiavo,83.33333333333334,0.8793401643633842
Lippen,2f0558df-e7c3-494e-af0f-349604f71a06,Tiavo,1,Tiavo,Tiavo,83.33333333333334,0.8793401643633842
Nicht aus Gold,68e4770d-22ee-46a4-8a3e-6a8942960f59,Tiavo,1,Tiavo,Tiavo,83.33333333333334,0.8793401643633842
Outta this World (OTW),b476b661-6545-492b-8ab6-d5357d41b0c6,Tiavo,1,Tiavo,Tiavo,83.33333333333334,0.8793401643633842
Ouzo,92882975-609e-47f5-bc24-5fe7bd9bbecf,Tiavo,1,Tiavo,Tiavo,83.33333333333334,0.8793401643633842
Tapir,d95abf26-51f8-4e63-bd7e-0d9074254489,Tiavo,1,Tiavo,Tiavo,83.33333333333334,0.8793401643633842
romantisch am stammtisch,e1bd49f4-025b-4c41-b728-b77bc42b7d21,Tiavo,1,Tiavo,Tiavo,83.33333333333334,0.8793401643633842
...,f39d69dd-66b6-4690-beda-5516adda815e,Badmómzjay,1,Badmómzjay,Badmómzjay,83.33333333333334,0.8533399701118469
Move,864b73ea-206d-4ccf-bb4d-8f2f047c96f8,Badmómzjay,1,Badmómzjay,Badmómzjay,83.33333333333334,0.8533399701118469
Sterne unterm Dach,1bff8096-5cf7-4626-9b54-e36b8ba3be9f,Badmómzjay,1,Badmómzjay,Badmómzjay,83.33333333333334,0.8533399701118469
Supernova,ab304a9e-3f82-4295-815a-8f41ed182bc6,Badmómzjay,1,Badmómzjay,Badmómzjay,83.33333333333334,0.8533399701118469
Survival Mode (Intro),099370cc-78d3-4159-9c43-485e59a836cc,Badmómzjay,1,Badmómzjay,Badmómzjay,83.33333333333334,0.8533399701118469
T.H.A.L,4be4a9aa-fb00-4e30-8e2d-dd93f6569814,Badmómzjay,1,Badmómzjay,Badmómzjay,83.33333333333334,0.8533399701118469
Zirkus,c5f32536-90be-4337-9c88-0d26d0ad4da2,Badmómzjay,1,Badmómzjay,Badmómzjay,83.33333333333334,0.8533399701118469
badmómz.,f6163a21-757c-43a5-a804-a64fdbdabc24,Badmómzjay,1,Badmómzjay,Badmómzjay,83.33333333333334,0.8533399701118469
51,9cb66779-afd9-4207-bdfc-16068907f3d0,Playboy 51,1,Playboy 51,Playboy 51,80.0,0.986824224392573
51 (Extended Version),970ad156-911e-4c95-b2e8-e66bb1ce9def,Playboy 51,1,Playboy 51,Playboy 51,80.0,0.986824224392573
51 (Radio Edit),a2a6d5bd-50d3-4273-b3a7-88e147fb4124,Playboy 51,1,Playboy 51,Playboy 51,80.0,0.986824224392573
51 (Remix Version),2fe9ab78-154b-4379-ba9d-42f0e3e059c0,Playboy 51,1,Playboy 51,Playboy 51,80.0,0.986824224392573
Fiko du Penner,e583817e-bef9-42a0-96fb-c8541f35e8e7,Playboy 51,1,Playboy 51,Playboy 51,80.0,0.986824224392573
Schering Lady,642bbf0a-2613-46ed-b90e-d69ea4e842d9,Playboy 51,1,Playboy 51,Playboy 51,80.0,0.986824224392573
Drecks Generation,1e6ad96c-4393-4c5e-921c-8fbe6b708189,Boba Fettt,1,Boba Fettt,Boba Fettt,77.77777777777779,0.9959299087524414
Glückskeks,a05455e6-51ea-41c7-9a1a-9c35bf9c316d,Boba Fettt,1,Boba Fettt,Boba Fettt,77.77777777777779,0.9959299087524414
Lebende Legende,68d425d0-424a-42e5-aa70-ff3bc822f386,Boba Fettt,1,Boba Fettt,Boba Fettt,77.77777777777779,0.9959299087524414
Nach Oben,07cd5f3a-649e-41b4-90fa-0472f0a4ce51,Boba Fettt,1,Boba Fettt,Boba Fettt,77.77777777777779,0.9959299087524414
Quetschkommode,956e5232-08aa-4047-b8bb-dd8f928764c5,Boba Fettt,1,Boba Fettt,Boba Fettt,77.77777777777779,0.9959299087524414
Aufbruchszeit,a83f6fe8-6b67-4b36-b54c-e81e3ac1b10e,Kurzer Prozess,1,Kurzer Prozess,Kurzer Prozess,77.77777777777779,0.9704138517379761
Ein bisschen,4f38d4de-3e94-45e0-9059-a924fd0600d4,Kurzer Prozess,1,Kurzer Prozess,Kurzer Prozess,77.77777777777779,0.9704138517379761
Festung Europa,2bbbe11d-c582-40db-82d2-f3ffc432c7ce,Kurzer Prozess,1,Kurzer Prozess,Kurzer Prozess,77.77777777777779,0.9704138517379761
Ruhe Im Gericht,17f359b0-fbaa-437a-9c88-1ab0f9533bbe,Kurzer Prozess,1,Kurzer Prozess,Kurzer Prozess,77.77777777777779,0.9704138517379761
Sehnsucht,b1af54c5-18b0-4a48-894f-64ebbe926cd9,Kurzer Prozess,1,Kurzer Prozess,Kurzer Prozess,77.77777777777779,0.9704138517379761
Cha Be Zo,74079f5c-ad00-44e1-a9cf-49898af1b9e4,Chabezo,1,Chabezo,Chabezo,75.0,0.918691873550415
Haters & Lovers,3b187b1e-ed99-460e-bfa0-5cc51e51d26a,Chabezo,1,Chabezo,Chabezo,75.0,0.918691873550415
I Whish You Were Beer,32d6c9d4-19b7-461c-8a84-fbcc717a06f3,Chabezo,1,Chabezo,Chabezo,75.0,0.918691873550415
Leih mir deinen Hund,6de7bb31-9043-49ad-b7f4-c92ef4af22bc,Chabezo,1,Chabezo,Chabezo,75.0,0.918691873550415
Pyramide der Toten,1d82313e-e6a8-4f06-acc9-7e8451a4d97b,Chabezo,1,Chabezo,Chabezo,75.0,0.918691873550415
Rapding,f3872782-ae87-4b35-b71f-190a3eefb20d,Chabezo,0,Chabezo,Chabezo,75.0,0.918691873550415
Sexy Times,654da495-be1a-482c-bc09-5b95e842170e,Chabezo,1,Chabezo,Chabezo,75.0,0.918691873550415
Sis is is,22b56cbb-b39b-44d0-bd0a-caa9ad31e00b,Chabezo,1,Chabezo,Chabezo,75.0,0.918691873550415
Der Kaiser von China,56c1f6e2-21a1-4a97-9e49-4f43e3e54973,Timi Hendrix,1,Timi Hendrix,Timi Hendrix,75.0,0.9025510549545288
Gang,59c1a341-aa26-4edd-81b8-558dcbf6c844,Timi Hendrix,1,Timi Hendrix,Timi Hendrix,75.0,0.9025510549545288
Genau wie du 2015,014cc762-1907-43b7-912e-582da353c7b9,Timi Hendrix,1,Timi Hendrix,Timi Hendrix,75.0,0.9025510549545288
Hunderttausend Meilen,ab22d8ab-7a4d-4cb4-9225-dc6b720db0ef,Timi Hendrix,1,Timi Hendrix,Timi Hendrix,75.0,0.9025510549545288
Morgens,966217d9-f4f8-4e41-a0ae-6299021fca76,Timi Hendrix,1,Timi Hendrix,Timi Hendrix,75.0,0.9025510549545288
Ok,1460a858-bcc9-48bd-a9ef-0ca6ea8fbb2c,Timi Hendrix,1,Timi Hendrix,Timi Hendrix,75.0,0.9025510549545288
Schlaflos in Guantanamo,6b595b8d-44d0-4fcc-9e8b-d5926e5787c1,Timi Hendrix,1,Timi Hendrix,Timi Hendrix,75.0,0.9025510549545288
Tausend zweite Chancen,cea99670-fb56-410a-ae71-785d540d5707,Timi Hendrix,0,Timi Hendrix,Timi Hendrix,75.0,0.9025510549545288
Alles neu,46a9b0fa-fe43-446d-8701-e2dec9392646,Peter Fox,1,Peter Fox,Peter Fox,75.0,0.8943126425147057
Der letzte Tag,87ffe03b-0e4b-49e9-b311-3059a32be750,Peter Fox,1,Peter Fox,Peter Fox,75.0,0.8943126425147057
Fieber (feat. K.I.Z.),429f1782-ea03-4286-a6ce-044ea71b3e79,Peter Fox,1,Peter Fox,Peter Fox,75.0,0.8943126425147057
Kopf verloren,18c8c640-4c69-49c1-ae37-4e339b583edd,Peter Fox,1,Peter Fox,Peter Fox,75.0,0.8943126425147057
Lok auf 2 Beinen,eba0cd4c-8b64-45c9-9724-634fad44ef2b,Peter Fox,1,Peter Fox,Peter Fox,75.0,0.8943126425147057
Schwarz zu Blau,d5b6a085-5b94-4181-8c1b-4cb868849ed8,Peter Fox,1,Peter Fox,Peter Fox,75.0,0.8943126425147057
Schüttel deinen Speck,37e13f42-bbc2-4754-94ac-0005f4f2eac0,Peter Fox,1,Peter Fox,Peter Fox,75.0,0.8943126425147057
Zukunft Pink,27ddc234-3f29-446c-aa00-c37611f50493,Peter Fox,0,Peter Fox,Peter Fox,75.0,0.8943126425147057
ABC,04bae73a-ba3a-499e-8861-365c26c0fd7f,Monk,1,Monk,Monk,75.0,0.891552159562707
Festnetz,4f43b505-9ceb-48f9-97c0-6d1580a588e1,Monk,0,Monk,Monk,75.0,0.891552159562707
In der Stadt,6095f957-f6cb-49f9-9da3-ff22b0f2f0e2,Monk,1,Monk,Monk,75.0,0.891552159562707
Juana,62ef562e-0bde-434e-be83-a41779c872bc,Monk,1,Monk,Monk,75.0,0.891552159562707
Meine Augen Zu,54c7f2e7-c61f-47e4-a240-4b102bc09f74,Monk,1,Monk,Monk,75.0,0.891552159562707
Popo,99b81708-02a8-416e-b2b1-a1f3998477d8,Monk,1,Monk,Monk,75.0,0.891552159562707
Wach Auf,e09e6054-f6a5-4211-b738-bf202a715ff0,Monk,1,Monk,Monk,75.0,0.891552159562707
Zurück,145f8222-d097-4f5a-9d2e-672561c0abec,Monk,1,Monk,Monk,75.0,0.891552159562707
1979,1e01c4c1-a608-4562-bb24-b3a896ad36a0,Bluthund,1,Bluthund,Bluthund,75.0,0.8877609111368656
Beat Braucht Bauch,6fdf7d52-9fbd-4cf4-bb97-e12882ebae52,Bluthund,1,Bluthund,Bluthund,75.0,0.8877609111368656
Bello Ciao,87394e8b-a114-446d-8b7c-383c634dfd74,Bluthund,1,Bluthund,Bluthund,75.0,0.8877609111368656
Büro Until Rente,97262255-6e31-4ffe-92cb-19b5521d8320,Bluthund,0,Bluthund,Bluthund,75.0,0.8877609111368656
Goldfisch,0045a434-619d-44a8-bbd5-c81cc830f428,Bluthund,1,Bluthund,Bluthund,75.0,0.8877609111368656
Hass Hass Hass,241d2e14-ab73-458e-aa3f-7908b8f88106,Bluthund,1,Bluthund,Bluthund,75.0,0.8877609111368656
Henne oder Ei,b1e3bb5c-7490-4dbf-b47c-a22b7e4ac65b,Bluthund,1,Bluthund,Bluthund,75.0,0.8877609111368656
Parapunk,83f979d7-650c-4312-8bb5-c0a908077440,Bluthund,1,Bluthund,Bluthund,75.0,0.8877609111368656
Avtomat,27e206b2-967d-440d-b27a-77e9e1fe0c76,Olexesh,1,Olexesh,Olexesh,75.0,0.8868361134082079
Déjà Vu,d956df1e-eafb-44f7-95fb-1c7e5b9ad5fd,Olexesh,1,Olexesh,Olexesh,75.0,0.8868361134082079
Hokus Pokus,d437174b-2c87-4c80-947d-bf64a9f78600,Olexesh,1,Olexesh,Olexesh,75.0,0.8868361134082079
Krakadil,26d0a209-a22e-4071-8c07-5f210ee55f62,Olexesh,1,Olexesh,Olexesh,75.0,0.8868361134082079
Kranichstil,2e0897fc-db8c-49b4-a5ed-d07c14a80729,Olexesh,1,Olexesh,Olexesh,75.0,0.8868361134082079
Pacan,67da47a8-a059-430e-b1fd-0c77c11dad57,Olexesh,0,Olexesh,Olexesh,75.0,0.8868361134082079
Purple Haze,"18133437-f355-4295-8709-8183f955fa22, 827695f2-0061-4efb-a472-fb35bed930f3","Olexesh, The Ji",1,Olexesh,Olexesh,75.0,0.8868361134082079
Schwitze im Bugatti,eeb60f64-edd5-4f12-b7ba-763ea4c06fba,Olexesh,1,Olexesh,Olexesh,75.0,0.8868361134082079
Der ewige Ikea,812e564a-8219-49a4-8eb1-b7659fc4b2c4,Prezident,1,Prezident,Prezident,75.0,0.8756661722436547
Du hast mich schon verstanden,702823c9-ad9c-4a8a-b050-3fff9599c8ad,Prezident,1,Prezident,Prezident,75.0,0.8756661722436547
"Es heisst, dass sie heiss ist",0ab407ef-496f-4a5f-8c1f-d14a96525be3,Prezident,1,Prezident,Prezident,75.0,0.8756661722436547
Halb so wild,c04a538d-59b3-4c02-8cd0-4025289681b6,Prezident,1,Prezident,Prezident,75.0,0.8756661722436547
Menschenpyramiden,f2b54bda-1477-44fd-9a83-e23e37392ff8,Prezident,1,Prezident,Prezident,75.0,0.8756661722436547
Prometheus,d746747a-737b-4517-a035-249a7fc81866,Prezident,1,Prezident,Prezident,75.0,0.8756661722436547
"Was glaubt die Welt denn, wer sie ist?",4a8d8400-0297-400e-b240-0bf1b7169f69,Prezident,1,Prezident,Prezident,75.0,0.8756661722436547
Über zwei verschiedene Arten des Gutseins,4e8d9683-cc77-4815-af1e-da3d4436fcb8,Prezident,0,Prezident,Prezident,75.0,0.8756661722436547
20.000 Meilen unter dem Yeah,77edb880-adfb-4c90-9cd9-fb0079acb48d,Captain Gips,1,Captain Gips,Captain Gips,75.0,0.875126987695694
Dance in the rain,89ae2ed4-be83-4574-894e-2d56971467b6,Captain Gips,0,Captain Gips,Captain Gips,75.0,0.875126987695694
Fernweh,55a557b4-f9bf-4391-834e-30acb0c8536b,Captain Gips,1,Captain Gips,Captain Gips,75.0,0.875126987695694
Gutes Gewissen,4c3f4d6b-60ab-4da2-9661-b3f1aab9e403,Captain Gips,1,Captain Gips,Captain Gips,75.0,0.875126987695694
Hug Life,958dd0f9-1417-4b9f-8cb6-d0a4e9423e03,Captain Gips,1,Captain Gips,Captain Gips,75.0,0.875126987695694
Lil Captain,b5b4a004-fb67-450a-8445-d51d887c5289,Captain Gips,1,Captain Gips,Captain Gips,75.0,0.875126987695694
Ohne euch,f4a14b83-cbd4-44e5-aa9d-7998f11a9af9,Captain Gips,1,Captain Gips,Captain Gips,75.0,0.875126987695694
Ulalaurlaub,4d971cb3-01e0-4376-af17-bf015fd8211e,Captain Gips,1,Captain Gips,Captain Gips,75.0,0.875126987695694
Du bist schön,f7c98f9e-c552-4a28-91d1-76416b550c2b,Alligatoah,1,Alligatoah,Alligatoah,75.0,0.8734607435762882
Fick ihn doch,4cd5c116-3fbd-4597-84d9-85dd8b007cf7,Alligatoah,1,Alligatoah,Alligatoah,75.0,0.8734607435762882
Narben,db8f1527-1792-4993-96c6-eb1b3019e411,Alligatoah,1,Alligatoah,Alligatoah,75.0,0.8734607435762882
Trostpreis,0daf2d51-b447-421a-b3c1-3d982a443f48,Alligatoah,1,Alligatoah,Alligatoah,75.0,0.8734607435762882
Wer weiß,f0526e9b-2cd1-4751-a98c-0f03aef6d459,Alligatoah,1,Alligatoah,Alligatoah,75.0,0.8734607435762882
Wie Zuhause,7203b368-7cac-4252-9fd1-e94108bdc00b,Alligatoah,0,Alligatoah,Alligatoah,75.0,0.8734607435762882
Willst du,fc28015e-2cc5-4a63-bf13-451b2434da81,Alligatoah,1,Alligatoah,Alligatoah,75.0,0.8734607435762882
Wunderschöne Frau,f84687e8-80cf-4560-9ee7-a6d42affc9d2,Alligatoah,1,Alligatoah,Alligatoah,75.0,0.8734607435762882
Bitter,61b96dc0-f79c-4f49-beed-4b70f942aa71,Nimo,1,Nimo,Nimo,75.0,0.870982151478529
Flouz kommt Flouz geht,033b3d97-907a-4de1-8793-c5748b74573c,Nimo,1,Nimo,Nimo,75.0,0.870982151478529
Heute mit mir,3effc800-f7c4-4a8e-b3ae-9b726afb5621,Nimo,1,Nimo,Nimo,75.0,0.870982151478529
KARMA,0b87c73e-0b68-41b8-9c74-4a20650ad025,Nimo,1,Nimo,Nimo,75.0,0.870982151478529
Leck Sibbi,a0c6372b-b512-40cd-a4b3-01fb7c48afc3,Nimo,1,Nimo,Nimo,75.0,0.870982151478529
Mon Chéri,a0104ee0-87cf-4f3f-9850-fec0696305b4,Nimo,0,Nimo,Nimo,75.0,0.870982151478529
Nie wieder,de89e0da-7adb-4887-b37e-f29fc9162031,Nimo,1,Nimo,Nimo,75.0,0.870982151478529
Wie Falco,84d2a5b9-a80f-4a86-89c9-f4333f94a99f,Nimo,1,Nimo,Nimo,75.0,0.870982151478529
Bitte...wer? (Heiss wie Feuer 2),7ad66e0f-f75c-403d-b431-acdf32ad1174,DJ Stylewarz,1,DJ Stylewarz,DJ Stylewarz,75.0,0.8705812329426408
FRESH,8d7db1a3-0be2-4b58-ae6d-b856725018d2,DJ Stylewarz,1,DJ Stylewarz,DJ Stylewarz,75.0,0.8705812329426408
Heiss Wie Feuer,d506992d-88fb-4edb-8172-9053d8cf4981,DJ Stylewarz,1,DJ Stylewarz,DJ Stylewarz,75.0,0.8705812329426408
Intro,bbd00470-570b-4290-ab2f-2a4cceb21252,DJ Stylewarz,0,DJ Stylewarz,DJ Stylewarz,75.0,0.8705812329426408
Was los?!,300daea4-4349-446c-aa7c-7c24bb0b7d62,DJ Stylewarz,1,DJ Stylewarz,DJ Stylewarz,75.0,0.8705812329426408
Was wir lieben,f2484e05-752d-447e-88ca-b461541c8da7,DJ Stylewarz,1,DJ Stylewarz,DJ Stylewarz,75.0,0.8705812329426408
Yapma Ya,4b74a50b-aff1-48be-a0f5-54157ecea112,DJ Stylewarz,1,DJ Stylewarz,DJ Stylewarz,75.0,0.8705812329426408
Zeit wird Knapp,c1648213-f95b-4980-b737-9e7bcd157b75,DJ Stylewarz,1,DJ Stylewarz,DJ Stylewarz,75.0,0.8705812329426408
Bitches Butches Dykes & Divas,96180641-63e6-49f3-9740-f912e36953e9,Sookee,1,Sookee,Sookee,75.0,0.8703838279470801
Die Freundin von,93c6bdbf-bfeb-4573-9c6d-91474b5efea1,Sookee,1,Sookee,Sookee,75.0,0.8703838279470801
Einige meiner besten Freunde sind Männer,29492a24-fb3c-4a89-b913-01b6932243f1,Sookee,0,Sookee,Sookee,75.0,0.8703838279470801
Hüpfburg,4d0cac85-ff18-4b17-aaca-e4a17fba990f,Sookee,1,Sookee,Sookee,75.0,0.8703838279470801
Menschen sind komisch,6f20a5ae-0d54-4534-933d-c03a8885bb18,Sookee,1,Sookee,Sookee,75.0,0.8703838279470801
Pro Homo,e5717c0b-5a0b-4627-9493-c29374f275bb,Sookee,1,Sookee,Sookee,75.0,0.8703838279470801
Siebenmeilenhighheels,eaf5aec0-6fde-4ee2-8d69-824828fb49ad,Sookee,1,Sookee,Sookee,75.0,0.8703838279470801
Zusammenhänge,1d26a344-f4c0-4cd2-a55d-88b765dcfa52,Sookee,1,Sookee,Sookee,75.0,0.8703838279470801
Aghori (Dunkler Tag),4d047022-4ce1-44e1-9465-0c0c8d376c4d,Kool Savas,1,Kool Savas,Kool Savas,75.0,0.8526643305085599
Aura,e1fb8ee0-3789-4232-89bf-7c458ced0214,Kool Savas,1,Kool Savas,Kool Savas,75.0,0.8526643305085599
Beweis 2 (Mammut Remix),4d150a8f-67b7-4d33-8158-4e0d6e80b8c6,Kool Savas,1,Kool Savas,Kool Savas,75.0,0.8526643305085599
Der beste Tag meines Lebens,2e6ffbb2-e654-4caf-abf6-134e0f2e4a93,Kool Savas,1,Kool Savas,Kool Savas,75.0,0.8526643305085599
Neue Welt,301a249f-1572-43ae-994e-b8658fd1352c,Kool Savas,1,Kool Savas,Kool Savas,75.0,0.8526643305085599
Rhythmus meines Lebens,eec3793a-3660-443d-9ae0-0f257585b4a9,Kool Savas,0,Kool Savas,Kool Savas,75.0,0.8526643305085599
Triumph,e16ad466-2bfe-4f53-9f05-6664ebb886d9,Kool Savas,1,Kool Savas,Kool Savas,75.0,0.8526643305085599
Und dann kam Essah,254d0d97-1532-4787-a416-c68d9ded6ad2,Kool Savas,1,Kool Savas,Kool Savas,75.0,0.8526643305085599
#BFHFA (Bei Fame hört Freundschaft auf),afb6ad4f-ac47-4c92-80e5-8f9a11cddb53,Fard,1,Fard,Fard,75.0,0.8468769704923034
Bonnie & Clyde,a8351be5-7f5c-4842-8594-05885f60cacb,Fard,1,Fard,Fard,75.0,0.8468769704923034
Dein Kuss,0de52647-8711-44f5-b332-89f0e74cdfbe,Fard,0,Fard,Fard,75.0,0.8468769704923034
Kalt wie Schnee,da497ed5-d12a-428f-b370-e283a7f569fd,Fard,1,Fard,Fard,75.0,0.8468769704923034
Liebe macht blind,bfd3f3e1-e52f-494c-9520-297c0b0cc64a,Fard,1,Fard,Fard,75.0,0.8468769704923034
Madar,739f59ce-4be6-4edb-9fa2-7f64018e82f0,Fard,1,Fard,Fard,75.0,0.8468769704923034
S.O.S.,b706e7eb-c585-4f99-8883-8397a356b07f,Fard,1,Fard,Fard,75.0,0.8468769704923034
Seine Geschichte,7b3f1ca5-9267-4cc0-a27f-37e525c93967,Fard,1,Fard,Fard,75.0,0.8468769704923034
2 Minuten,15a14bc2-44d3-4ca7-8395-9b8ae5f56da7,Apache 207,0,Apache 207,Apache 207,75.0,0.8449142463505268
Bläulich,a06e2567-e9ea-400a-9d41-4c06b0722cde,Apache 207,1,Apache 207,Apache 207,75.0,0.8449142463505268
Breaking your heart,bc6ec9a8-6c6a-4e8e-a0c7-b47500faa906,Apache 207,1,Apache 207,Apache 207,75.0,0.8449142463505268
Fame,de5d8ec9-b8a1-490a-82fb-9f65711e0de6,Apache 207,1,Apache 207,Apache 207,75.0,0.8449142463505268
Matrix,433e6251-c06e-4157-95be-006a621deeea,Apache 207,1,Apache 207,Apache 207,75.0,0.8449142463505268
Roller,b2670548-74d6-4250-8d01-103dc004f4ae,Apache 207,1,Apache 207,Apache 207,75.0,0.8449142463505268
Unterwegs,bc408681-fa61-40ee-aded-8292571d9500,Apache 207,1,Apache 207,Apache 207,75.0,0.8449142463505268
Wieso tust Du dir das an?,7bcb55e4-7fdf-4b91-b701-e6e5bd619f07,Apache 207,1,Apache 207,Apache 207,75.0,0.8449142463505268
Aktion / Reaktion,86066322-9496-4122-b218-798d4685222d,Roey Marquis II.,1,Roey Marquis II.,Roey Marquis II.,75.0,0.8448004797101021
Anderswelt,2ae2a668-032a-4490-80e6-d0b6b348160f,Roey Marquis II.,0,Roey Marquis II.,Roey Marquis II.,75.0,0.8448004797101021
EHM,35774d0f-4400-4736-b1bd-a40895ed5475,Roey Marquis II.,1,Roey Marquis II.,Roey Marquis II.,75.0,0.8448004797101021
Eiszeit,ae037592-33f8-49a0-9367-142ff9bae2f7,Roey Marquis II.,1,Roey Marquis II.,Roey Marquis II.,75.0,0.8448004797101021
Hingabe,80306fcb-2aaf-43b6-80de-69cbe90ee4b4,Roey Marquis II.,1,Roey Marquis II.,Roey Marquis II.,75.0,0.8448004797101021
Spiritual Combat,f7a375e7-6b9d-45b3-9b2b-abbbdee3fdfd,Roey Marquis II.,1,Roey Marquis II.,Roey Marquis II.,75.0,0.8448004797101021
Swing,1f45ec90-51c7-47c4-a1b2-32efc122c180,Roey Marquis II.,1,Roey Marquis II.,Roey Marquis II.,75.0,0.8448004797101021
Was willst du?,edbc14f9-f5c1-4fe0-86bb-d552d80c9127,Roey Marquis II.,1,Roey Marquis II.,Roey Marquis II.,75.0,0.8448004797101021
Abteilgeflüster,dbecdcf5-2132-4b3f-a701-473abff08aea,Mr. Schnabel,1,Mr. Schnabel,Mr. Schnabel,75.0,0.8370040766894817
Chain Gang Slang,9728292e-f1b6-49b2-8500-f5213fdb8e20,Mr. Schnabel,1,Mr. Schnabel,Mr. Schnabel,75.0,0.8370040766894817
Eimsbush Stylee,ec7c5160-694a-4d31-9def-c374723c0cbc,Mr. Schnabel,1,Mr. Schnabel,Mr. Schnabel,75.0,0.8370040766894817
Federkleid,7edb7a82-71e9-4fd4-83f2-a55bc343e487,Mr. Schnabel,1,Mr. Schnabel,Mr. Schnabel,75.0,0.8370040766894817
"Hi, Bin Howard",21454b7a-8df0-4ad0-922e-62ddcaafd14c,Mr. Schnabel,0,Mr. Schnabel,Mr. Schnabel,75.0,0.8370040766894817
Hör Mal Hin,b94c1aaa-178f-40cb-917e-260d17dabd0b,Mr. Schnabel,1,Mr. Schnabel,Mr. Schnabel,75.0,0.8370040766894817
Intro: Pipecheck,584938b3-4869-402f-965a-4db87fa766c4,Mr. Schnabel,1,Mr. Schnabel,Mr. Schnabel,75.0,0.8370040766894817
Samstag Nacht,e10387ab-efd1-46ff-8454-6e2083c8eeb2,Mr. Schnabel,1,Mr. Schnabel,Mr. Schnabel,75.0,0.8370040766894817
Ahnma,cf38048e-d84a-4382-baa6-9239bb3a8c03,Beginner,1,Beginner,Beginner,75.0,0.8270459773484617
Es war einmal...,c2afaefa-eb2f-482b-8d7c-8aa9c387f2e6,Beginner,1,Beginner,Beginner,75.0,0.8270459773484617
Fäule,65dc8afc-dd76-4e04-bf3a-8fa5f0c62087,Beginner,1,Beginner,Beginner,75.0,0.8270459773484617
Geh’ Bitte,9331d6ec-706a-4628-bda5-ee6abf3d5724,Beginner,1,Beginner,Beginner,75.0,0.8270459773484617
Hammerhart,57753d35-a7c3-42e7-9e59-ba1555ba5275,Beginner,1,Beginner,Beginner,75.0,0.8270459773484617
Liebes Lied,d247bcd3-0e43-455a-88b9-cc99fd178c1d,Beginner,1,Beginner,Beginner,75.0,0.8270459773484617
So schön,e78a2b70-70a7-4847-9179-4b668f4fa940,Beginner,0,Beginner,Beginner,75.0,0.8270459773484617
Thomas Anders,d14f9257-9ead-4de1-be19-4b3cb9dcf583,Beginner,1,Beginner,Beginner,75.0,0.8270459773484617
Du hast mich hier rangeführt,ece4c9df-7951-4e8b-b032-c7e6c179b3fd,M.I.K.I,0,M.I.K.I,M.I.K.I,75.0,0.8179125068709254
"Fußball, Rap, Familie (Intro)",60c2233a-1308-411e-a879-954c72d36beb,M.I.K.I,1,M.I.K.I,M.I.K.I,75.0,0.8179125068709254
Immer wieder Samstags,28ba66fd-d2d9-4d71-8ddc-74d059f19464,M.I.K.I,1,M.I.K.I,M.I.K.I,75.0,0.8179125068709254
Kein guter Schwiegersohn,f91be3df-354d-4ebb-851b-ae68be11700a,M.I.K.I,1,M.I.K.I,M.I.K.I,75.0,0.8179125068709254
Kind der 90er,958bdb98-5823-40e7-8afe-6a6938e67f88,M.I.K.I,1,M.I.K.I,M.I.K.I,75.0,0.8179125068709254
Krieg dem DFB,e1aa49ba-3a1c-4076-8dc4-77e8550981cf,M.I.K.I,1,M.I.K.I,M.I.K.I,75.0,0.8179125068709254
"Spieler kommen, Spieler gehen",0b3b758f-967a-4322-8c12-bf9e7a9a402e,M.I.K.I,1,M.I.K.I,M.I.K.I,75.0,0.8179125068709254
Wie der Vater so der Sohn,57d9b7c4-28a3-4f5d-abeb-87ec50d463bd,M.I.K.I,1,M.I.K.I,M.I.K.I,75.0,0.8179125068709254
Private Party,8125d31a-2e11-4995-ae2d-15801cfbaeab,Soko Crew,0,Soko Crew,Soko Crew,75.0,0.7908525839447975
Деньги (Money),5772648f-f96e-4a4c-a0df-f49f04f88ed2,Soko Crew,1,Soko Crew,Soko Crew,75.0,0.7908525839447975
Контроль (Control),2b66bdd6-065a-4314-8904-b42214fd5392,Soko Crew,1,Soko Crew,Soko Crew,75.0,0.7908525839447975
На Мне (On Me),933391d4-575a-43a4-aa06-871c7b93171f,Soko Crew,1,Soko Crew,Soko Crew,75.0,0.7908525839447975
Напролом (Ahead),bb54917e-4a76-4050-9bfd-33a267640f1c,Soko Crew,1,Soko Crew,Soko Crew,75.0,0.7908525839447975
Ночью (Night),7049d5fd-a5e6-4dc4-b57a-28316547f4d4,Soko Crew,1,Soko Crew,Soko Crew,75.0,0.7908525839447975
Похуй (Don’t Give A Fuck),82656f01-9f83-4cdd-aa54-79e3ec99daf4,Soko Crew,1,Soko Crew,Soko Crew,75.0,0.7908525839447975
Руки базуки (Hands bazookas),4ac88ee9-df76-4dfc-9d7a-ec0998c0ad4c,Soko Crew,1,Soko Crew,Soko Crew,75.0,0.7908525839447975
Damals,da4b9fd5-0481-45f9-ac5f-44e66fdad968,Bacapon,1,Bacapon,Bacapon,71.42857142857143,0.9940399527549744
Fuck Bubu,f2591616-1443-4402-9bc3-a8adaf258ca1,Bacapon,1,Bacapon,Bacapon,71.42857142857143,0.9940399527549744
Gangsta Number One,45c6c3e7-3d8b-459b-a944-3235a4246c1a,Bacapon,1,Bacapon,Bacapon,71.42857142857143,0.9940399527549744
Dat Is Duisburg,5c5fa6fb-d9ef-46d2-a6c3-24e58eb90d10,Die Bandbreite,1,Die Bandbreite,Die Bandbreite,71.42857142857143,0.992290993531545
Selbst gemacht,e082ffb0-88fb-40af-a374-7a3dec9a02e8,Die Bandbreite,1,Die Bandbreite,Die Bandbreite,71.42857142857143,0.992290993531545
Wo liegt die Wahrheit?,159ddcdb-3b00-4560-94e7-bf75a0aefbe1,Die Bandbreite,1,Die Bandbreite,Die Bandbreite,71.42857142857143,0.992290993531545
Die 5. Terroristengeneration,4baf17ff-016f-41fa-a7c6-6e38e2216388,Anarchist Academy,1,Anarchist Academy,Anarchist Academy,71.42857142857143,0.8347431421279907
Die total verrückten Crazyboys schlagen zurück,91797ed3-bfb5-4031-9057-b7d5f8d2440e,Anarchist Academy,1,Anarchist Academy,Anarchist Academy,71.42857142857143,0.8347431421279907
Rappelkistenkids,52652d8b-6d5c-4b73-b8e6-e5505c3f467c,Anarchist Academy,1,Anarchist Academy,Anarchist Academy,71.42857142857143,0.8347431421279907
Mit dem Schwanz in der Hand,39e530b1-656c-4003-a9d0-777c0d8618f6,Corus 86,1,Corus 86,Corus 86,66.66666666666666,0.99688920378685
Was bist du für 1 Otto?,508f0cda-66fb-43c7-9d90-017ff2cfea3e,Corus 86,1,Corus 86,Corus 86,66.66666666666666,0.99688920378685
300,e684946c-ff81-4424-95ae-e690999e45e1,Lil Lano,1,Lil Lano,Lil Lano,66.66666666666666,0.8135718572884798
Brokkoli + Codein 2.0,b13881f8-be94-4f08-b120-a199d623f3e9,Lil Lano,1,Lil Lano,Lil Lano,66.66666666666666,0.8135718572884798
GucciFace,31a60ed1-5509-446d-bbfa-2e903b2c7b34,Lil Lano,0,Lil Lano,Lil Lano,66.66666666666666,0.8135718572884798
Ich bin so reich,ba5320c5-69c5-4372-8115-5fc184b894c8,Lil Lano,0,Lil Lano,Lil Lano,66.66666666666666,0.8135718572884798
OCB,bbafc60b-aa57-42a0-8495-7d4e2699fa62,Lil Lano,1,Lil Lano,Lil Lano,66.66666666666666,0.8135718572884798
Stone Island,bfff42fd-f38c-4010-a7a3-d9b3e57f9106,Lil Lano,1,Lil Lano,Lil Lano,66.66666666666666,0.8135718572884798
TrapUpdate,aecbb6b1-e4bd-4eaa-a181-fdff9a20eab8,Lil Lano,1,Lil Lano,Lil Lano,66.66666666666666,0.8135718572884798
Wendy,0bb888f4-0800-4c08-9d44-4ac6720214b2,Lil Lano,1,Lil Lano,Lil Lano,66.66666666666666,0.8135718572884798
Angels Sippen,dde3c4fe-500f-475e-9f30-62dc49a7fe94,Symba,1,Symba,Symba,66.66666666666666,0.8087161406874657
Battlefield Freestyle,5cbf86a3-9a60-4a6a-911a-a598e19d20a8,Symba,0,Symba,Symba,66.66666666666666,0.8087161406874657
Blockparty,cc3613fc-911a-4e47-87b3-984fbaee8aa8,Symba,1,Symba,Symba,66.66666666666666,0.8087161406874657
Mario Run,51440a50-aaf1-471d-8ac3-33f04b658126,Symba,1,Symba,Symba,66.66666666666666,0.8087161406874657
Maxi King,93153c59-4f4c-4a88-9f8c-6eab7ae06f11,Symba,1,Symba,Symba,66.66666666666666,0.8087161406874657
Springfield,1f9ab2c3-6d80-464f-9092-2da3abc3040a,Symba,1,Symba,Symba,66.66666666666666,0.8087161406874657
Topboys,8706d621-823d-4a5b-83dc-69fa1c648b9b,Symba,1,Symba,Symba,66.66666666666666,0.8087161406874657
​helly,e27d264d-978c-4301-841a-d086785c958b,Symba,0,Symba,Symba,66.66666666666666,0.8087161406874657
Alles hat ein Lied verdient,976291e4-8137-4708-9c1f-dfeed6f04a8c,Lemur,0,Lemur,Lemur,66.66666666666666,0.7866521556279622
Ballast,37f9d22f-c82f-455a-9c99-3b428ba5519e,Lemur,1,Lemur,Lemur,66.66666666666666,0.7866521556279622
Befehlskette,b610ffe3-4035-4f8c-8d0d-d1e9196a0331,Lemur,1,Lemur,Lemur,66.66666666666666,0.7866521556279622
Das Gaslicht,0d69da85-3187-4fd9-aa28-9c0bab82f29b,Lemur,1,Lemur,Lemur,66.66666666666666,0.7866521556279622
Highlander,56d408b0-f5d9-4e92-8bde-66b68b25e9cd,Lemur,0,Lemur,Lemur,66.66666666666666,0.7866521556279622
Lächeln,027ee5ea-7fcc-40a4-a96a-c3c89297b1fd,Lemur,1,Lemur,Lemur,66.66666666666666,0.7866521556279622
Mein bester Freund,d8b40694-2b2f-41a1-9e7b-ef99decb87c7,Lemur,1,Lemur,Lemur,66.66666666666666,0.7866521556279622
Montagophobie,29bd0378-d6f4-432b-914c-5e23a65f70e7,Lemur,1,Lemur,Lemur,66.66666666666666,0.7866521556279622
357,a1e6bc21-768c-412b-b06c-8ea8db02a9fb,Kid Kapri,1,Kid Kapri,Kid Kapri,66.66666666666666,0.7601111400872469
Bordeaux,f0d8a6d1-a2f4-4579-8527-f986e762abc4,Kid Kapri,0,Kid Kapri,Kid Kapri,66.66666666666666,0.7601111400872469
Checkst du,3661a440-04af-41c4-95ca-27cbb2391c42,Kid Kapri,1,Kid Kapri,Kid Kapri,66.66666666666666,0.7601111400872469
Kärcher,5a25b6d9-d309-40e3-ae51-59d7e449637d,Kid Kapri,1,Kid Kapri,Kid Kapri,66.66666666666666,0.7601111400872469
Mosaik,7eb3daa2-2a68-4ca8-b4b7-f5bce8117c86,Kid Kapri,0,Kid Kapri,Kid Kapri,66.66666666666666,0.7601111400872469
Schnell,a2bc1555-286c-4cbf-9901-3eab1831c4f0,Kid Kapri,1,Kid Kapri,Kid Kapri,66.66666666666666,0.7601111400872469
Schon gut,6c71176d-c9fe-4401-af4b-17e1a51f182c,Kid Kapri,1,Kid Kapri,Kid Kapri,66.66666666666666,0.7601111400872469
Zwei von dir,229c0586-84d8-42e2-98f5-85a626f6862d,Kid Kapri,1,Kid Kapri,Kid Kapri,66.66666666666666,0.7601111400872469
Aleyna,8306fa1c-842e-4f13-9bf8-f5fc1ab329ac,Taichi,1,Taichi,Taichi,66.66666666666666,0.7471012715250254
Lauf,caac3d09-accd-4532-8128-7a256fe82c10,Taichi,1,Taichi,Taichi,66.66666666666666,0.7471012715250254
Mein Life ist ne Bitch,f1e27942-53f9-4e19-a192-dad50d9bd143,Taichi,1,Taichi,Taichi,66.66666666666666,0.7471012715250254
Menschen mit Herz,9b7fee68-9254-428e-bc2f-70ea992cf07a,Taichi,0,Taichi,Taichi,66.66666666666666,0.7471012715250254
Schnell Imbiz,20360c98-bc05-4d19-bc5c-28e1dda23198,Taichi,1,Taichi,Taichi,66.66666666666666,0.7471012715250254
Sich finden,1c3be348-2958-49ff-aef9-2413b0815a31,Taichi,1,Taichi,Taichi,66.66666666666666,0.7471012715250254
Update,28e4e835-dbf4-4ad8-88b7-652fe0650960,Taichi,1,Taichi,Taichi,66.66666666666666,0.7471012715250254
Vergessen wie Sie hieß,58279d71-6b9d-4631-9b22-00dc28a4775f,Taichi,0,Taichi,Taichi,66.66666666666666,0.7471012715250254
Chvrchies,8c5efff7-58e6-4ea1-92ae-3e2eecb9c412,O’Bros,1,O’Bros,O’Bros,66.66666666666666,0.7310440926812589
Going My Way,0e077aa2-ee5c-4945-a02a-920b56348a82,O’Bros,0,O’Bros,O’Bros,66.66666666666666,0.7310440926812589
Ich geb mich nicht auf,98c52f63-21c5-46d3-b9ff-c9a3df88ec38,O’Bros,1,O’Bros,O’Bros,66.66666666666666,0.7310440926812589
Shitstorm Pt.2,7e46bf8a-9e6d-4c2e-91e6-c2c36d7153ec,O’Bros,1,O’Bros,O’Bros,66.66666666666666,0.7310440926812589
Underrated,787607c2-2863-4d00-b414-c628bbecee3d,O’Bros,1,O’Bros,O’Bros,66.66666666666666,0.7310440926812589
Understatement (Intro),66d05199-4a38-4391-a661-b31681ed0068,O’Bros,1,O’Bros,O’Bros,66.66666666666666,0.7310440926812589
Whatever it takes,2282e8a1-844c-4065-ba43-f7693460654f,O’Bros,0,O’Bros,O’Bros,66.66666666666666,0.7310440926812589
Wunden zu Wunder,a02ee5ac-7bfb-4740-a915-c6686ba61cee,O’Bros,1,O’Bros,O’Bros,66.66666666666666,0.7310440926812589
Audi Sport,1795ebcd-6e18-479e-9074-76ea78c7a5e0,Harry Quintana,1,Harry Quintana,Harry Quintana,66.66666666666666,0.7295776754617691
"El Camino (Bitches Come, Bitches Go)",3bfb9980-7d4e-49d4-94f1-b70816a0f250,Harry Quintana,1,Harry Quintana,Harry Quintana,66.66666666666666,0.7295776754617691
Ingolstadt Village,cb68d779-dd1b-4a87-bc01-a99916853029,Harry Quintana,1,Harry Quintana,Harry Quintana,66.66666666666666,0.7295776754617691
Kennst du das Gefühl?,1c64e122-b155-4e85-903b-98d58d70895c,Harry Quintana,1,Harry Quintana,Harry Quintana,66.66666666666666,0.7295776754617691
Lago Maggiore,968662e6-7bba-42bf-8ba9-58975d63d7d8,Harry Quintana,0,Harry Quintana,Harry Quintana,66.66666666666666,0.7295776754617691
Mein Triggerfinger juckt,b69e3199-3f24-48e7-a63a-bb35c8a84cea,Harry Quintana,1,Harry Quintana,Harry Quintana,66.66666666666666,0.7295776754617691
Quito,64993bbc-ae63-4975-b46d-b479f3a89ede,Harry Quintana,1,Harry Quintana,Harry Quintana,66.66666666666666,0.7295776754617691
Young Professional,e8c6467e-7dca-420c-bce7-d083917dd78e,Harry Quintana,0,Harry Quintana,Harry Quintana,66.66666666666666,0.7295776754617691
ERINNERN,1efdf80e-5de7-44c4-85c0-356d0711b9e4,Fayan,1,Fayan,Fayan,66.66666666666666,0.6616029512370005
Fake Yeezys,6f01d497-5483-4938-816b-86cc4e1a8091,Fayan,1,Fayan,Fayan,66.66666666666666,0.6616029512370005
HALLO?,eb337a9d-f5c4-4a0a-9703-5ca38a2acdb4,Fayan,0,Fayan,Fayan,66.66666666666666,0.6616029512370005
Kapitel 4,41909bc1-7c40-4c0d-98e7-21128df89edf,Fayan,1,Fayan,Fayan,66.66666666666666,0.6616029512370005
Kurz davor,dfb8d391-965a-4a05-864b-28e40a02e9bb,Fayan,1,Fayan,Fayan,66.66666666666666,0.6616029512370005
Pandora,5fb7484a-1ac8-41c4-bc96-7044b3e7d658,Fayan,1,Fayan,Fayan,66.66666666666666,0.6616029512370005
Problem (Lösung),69dc9019-e42b-44d7-8bfc-3dd47c151757,Fayan,1,Fayan,Fayan,66.66666666666666,0.6616029512370005
Zweinulleinsfünf,73de8253-90fa-4e43-81fd-c1a774cc505c,Fayan,0,Fayan,Fayan,66.66666666666666,0.6616029512370005
Hala,7b9bd53f-3e28-4e5b-ac78-6fd511b7a7e5,Sultan Tunc,1,Sultan Tunc,Sultan Tunc,60.0,0.9965835809707642
3 Nächte In Bangkok,8496989b-12b3-479c-bd98-f047c862f642,Manny Marc,0,Manny Marc,Manny Marc,58.333333333333336,0.6148820599191822
"Bier, Bikinis, Billig Bumsen",3de358ab-f53a-4eb4-84a6-07e043fd27d2,Manny Marc,0,Manny Marc,Manny Marc,58.333333333333336,0.6148820599191822
Böse Geister,7d7b8156-f301-4b95-bf13-99fb580576c8,Manny Marc,1,Manny Marc,Manny Marc,58.333333333333336,0.6148820599191822
Cybernaut,db9deb0e-efc2-4a91-a033-0d9fd5f5c597,Manny Marc,0,Manny Marc,Manny Marc,58.333333333333336,0.6148820599191822
Kampf In Kyoto,74a66dd7-7e6e-46c0-afd1-e45fba00d82c,Manny Marc,1,Manny Marc,Manny Marc,58.333333333333336,0.6148820599191822
Kendo,c93bae8f-0751-486d-b3a1-e62e5132fe4e,Manny Marc,1,Manny Marc,Manny Marc,58.333333333333336,0.6148820599191822
Schattenboxer,99fc59f4-a3a0-4f5a-bd1d-30dd9590a35c,Manny Marc,1,Manny Marc,Manny Marc,58.333333333333336,0.6148820599191822
Todesgriff,3eb3a321-b395-4017-8457-56f138f66ab1,Manny Marc,1,Manny Marc,Manny Marc,58.333333333333336,0.6148820599191822
AramSamSam,63b41d16-2965-43ea-9f61-be9d28ac4da3,Salim Montari,1,Salim Montari,Salim Montari,58.333333333333336,0.6075533258263022
Catch Me If You Can,dfc913ac-440a-4e7d-88d8-6a0f81f9e80c,Salim Montari,1,Salim Montari,Salim Montari,58.333333333333336,0.6075533258263022
Celina,0ee3c9c8-e1c2-480c-ae5a-c5d85f893ad1,Salim Montari,1,Salim Montari,Salim Montari,58.333333333333336,0.6075533258263022
Daddy,1cddc361-a8be-494d-a627-c048eedec474,Salim Montari,1,Salim Montari,Salim Montari,58.333333333333336,0.6075533258263022
Drip on point,34697137-5e27-4592-9e17-642b30e05001,Salim Montari,0,Salim Montari,Salim Montari,58.333333333333336,0.6075533258263022
Moonwalk,3435cc95-8d66-4cb3-80e6-3b9cf5ab461d,Salim Montari,0,Salim Montari,Salim Montari,58.333333333333336,0.6075533258263022
Player,a78d9e95-842a-4437-97e3-c1e784fd385d,Salim Montari,0,Salim Montari,Salim Montari,58.333333333333336,0.6075533258263022
Wavy,b65691ff-c849-4361-b078-ad88211d8915,Salim Montari,1,Salim Montari,Salim Montari,58.333333333333336,0.6075533258263022
Belsazar,b7800fc8-7f49-4d16-b886-e50a1ba23fe7,Junge Dichter und Denker,1,Junge Dichter und Denker,Junge Dichter und Denker,58.333333333333336,0.604599803686142
Der Handschuh,a140f798-8f13-4262-ab4b-1bbf525da5ef,Junge Dichter und Denker,1,Junge Dichter und Denker,Junge Dichter und Denker,58.333333333333336,0.604599803686142
Der Zauberlehrling (Karaoke Version),3f7fd9f8-a9bb-4577-9582-cb1266f6e553,Junge Dichter und Denker,0,Junge Dichter und Denker,Junge Dichter und Denker,58.333333333333336,0.604599803686142
Er ist’s (Karaoke Version),9f808f93-69fc-46c1-bf56-8d2ef333a650,Junge Dichter und Denker,0,Junge Dichter und Denker,Junge Dichter und Denker,58.333333333333336,0.604599803686142
Erlkönig (Karaoke Version),c19e7f78-e416-4b4c-b696-16a4f2d8eefb,Junge Dichter und Denker,0,Junge Dichter und Denker,Junge Dichter und Denker,58.333333333333336,0.604599803686142
Heidenröslein,a4ed5d20-019e-455a-ae26-9a3457404a8f,Junge Dichter und Denker,1,Junge Dichter und Denker,Junge Dichter und Denker,58.333333333333336,0.604599803686142
John Maynard,4a842972-35d1-4476-8536-0ba6ef91e8b5,Junge Dichter und Denker,1,Junge Dichter und Denker,Junge Dichter und Denker,58.333333333333336,0.604599803686142
"Trutz, Blanke Hans",116e748d-4e4b-4eb2-b76c-bb7fbc97c0e5,Junge Dichter und Denker,1,Junge Dichter und Denker,Junge Dichter und Denker,58.333333333333336,0.604599803686142
$W4G,744a6767-df3b-4661-80c6-c8e24c31d4a5,TJ_beastboy,1,TJ_beastboy,TJ_beastboy,58.333333333333336,0.5573445223853923
1000x COOLER,df82409f-72f3-4837-8a95-50765121c84f,TJ_beastboy,1,TJ_beastboy,TJ_beastboy,58.333333333333336,0.5573445223853923
1000​x COOLER + W1NNER (Video Version),5614462a-cf10-4287-889e-8d84f9a5055b,TJ_beastboy,1,TJ_beastboy,TJ_beastboy,58.333333333333336,0.5573445223853923
300 Words In A Minute,14f37b32-8f81-4802-ac7c-c92faf02d2c8,TJ_beastboy,0,TJ_beastboy,TJ_beastboy,58.333333333333336,0.5573445223853923
Alarm Code Red,aa9d6e01-4cb9-4807-99ea-9bd3d3547589,TJ_beastboy,0,TJ_beastboy,TJ_beastboy,58.333333333333336,0.5573445223853923
GEiSTESKRA$$,5634f5a0-28d0-4f49-9d67-7aa4c3868ffb,TJ_beastboy,1,TJ_beastboy,TJ_beastboy,58.333333333333336,0.5573445223853923
TAKE THE LEAD,ad939f8b-b04c-4eca-b5a5-e8d4316511cc,TJ_beastboy,0,TJ_beastboy,TJ_beastboy,58.333333333333336,0.5573445223853923
W1NNER,6f149bb8-f848-42df-a4c2-9dce5384da03,TJ_beastboy,1,TJ_beastboy,TJ_beastboy,58.333333333333336,0.5573445223853923
Panda blu,867295bb-d020-4999-a100-61dbe15692cd,Kalusha,0,Kalusha,Kalusha,50.0,0.6828794628381729
Was für’n Typ bist  DU,83047b3c-44b4-4c2b-8c31-05f250555330,Kalusha,1,Kalusha,Kalusha,50.0,0.6828794628381729
Auge des Betrachters,0bca5a0a-c590-479a-8729-ac5f153bf0e3,W4C,0,W4C,W4C,50.0,0.5417887046933174
Immer Noch,13e5f4b4-b998-42ed-a197-4c6ddeb6a7fe,W4C,1,W4C,W4C,50.0,0.5417887046933174
Humble nigga,8e3f1f61-67e8-4797-923d-29e357489789,T.Wonder,0,T.Wonder,T.Wonder,40.0,0.025713765993714333
For the Team,9293d1a4-02b5-4f8b-bf75-df518b9a6ffb,Fresh Familee,0,Fresh Familee,Fresh Familee,40.0,0.01069610845297575
DESHI MCS - “Taking Back The Crown”,a9fa05ab-beee-4bdc-be3b-f569c128a6b0,X-plosive,0,X-plosive,X-plosive,40.0,0.006330904550850391
Big Band,40e441c3-4c2c-4791-9f0d-117630c0bff4,Fader Gladiator,0,Fader Gladiator,Fader Gladiator,33.33333333333333,0.1996983766555786
Der Todeskuß (feat. Die Firma),d4e5e5f0-7126-4b0a-8027-4ca21c166428,Fader Gladiator,1,Fader Gladiator,Fader Gladiator,33.33333333333333,0.1996983766555786
Jungle Groove,1121396a-f043-4568-bf8a-515ceae0ef8c,Fader Gladiator,0,Fader Gladiator,Fader Gladiator,33.33333333333333,0.1996983766555786
Power,eb7f68bb-7bd2-417d-9f36-9889744bf746,Fader Gladiator,0,Fader Gladiator,Fader Gladiator,33.33333333333333,0.1996983766555786
The Drunkenmaster,247b8f31-3eaf-4935-bb9c-0c3c83b8e778,Fader Gladiator,0,Fader Gladiator,Fader Gladiator,33.33333333333333,0.1996983766555786
Check,e44d8ee1-019a-4da5-8e90-fc787edbc294,Farhot,0,Farhot,Farhot,33.33333333333333,0.010488573461771011
Feel Ugly,66857bcf-518a-4ea2-bf43-7462dd8757fd,Farhot,0,Farhot,Farhot,33.33333333333333,0.010488573461771011
(Just Like) Romeo & Juliet,398bec98-aa81-40d2-92b5-34fb311fccac,Reflectionz,0,Reflectionz,Reflectionz,25.0,0.006584184477105737
Actias Luna,351dbbbc-dee3-4536-aabe-0e5023d73e32,Reflectionz,0,Reflectionz,Reflectionz,25.0,0.006584184477105737
Butterfly Effect,9851b898-6599-4c95-9194-309492845f0d,Reflectionz,0,Reflectionz,Reflectionz,25.0,0.006584184477105737
Ceilings,26435c55-e770-4bd5-a007-4306a9fbfa5e,Reflectionz,0,Reflectionz,Reflectionz,25.0,0.006584184477105737
D (Bliss),9978fdd0-0734-4e11-ac58-1a4fe1de8b88,A.M.T.,0,A.M.T.,A.M.T.,16.666666666666664,0.05589358136057854
Equinox,2ff661bf-cb45-4c21-ba46-befba33a122d,A.M.T.,0,A.M.T.,A.M.T.,16.666666666666664,0.05589358136057854
Gravity,25ebcf64-de72-418f-9555-99576af308a0,A.M.T.,0,A.M.T.,A.M.T.,16.666666666666664,0.05589358136057854
Mirage,b43dfeca-da5b-49de-bc2a-c44ef742c259,A.M.T.,0,A.M.T.,A.M.T.,16.666666666666664,0.05589358136057854
S (Sorrow),87fd69ae-acb2-4a77-90e0-33e8d9be0099,A.M.T.,0,A.M.T.,A.M.T.,16.666666666666664,0.05589358136057854
U (Descendance),87089cce-d13e-4772-a483-0b5b5339cb16,A.M.T.,0,A.M.T.,A.M.T.,16.666666666666664,0.05589358136057854
Whiz,1edf0d93-335e-48ff-a183-0ad6ccdc7d12,A.M.T.,0,A.M.T.,A.M.T.,16.666666666666664,0.05589358136057854
Youth (Bonus Track),286d654f-57cf-4a98-8e31-c0f36de79d1b,A.M.T.,0,A.M.T.,A.M.T.,16.666666666666664,0.05589358136057854
Bad Religion,8f2943e5-a1d0-4434-abd1-518858b3aafc,F.R.,0,F.R.,F.R.,16.666666666666664,0.009422468836419284
Chanel,a7b6162c-a986-490c-a9d8-8f48aa820f3d,F.R.,0,F.R.,F.R.,16.666666666666664,0.009422468836419284
Ivy,32de4dd1-5ed3-441e-8ab7-94ff96ace2bf,F.R.,0,F.R.,F.R.,16.666666666666664,0.009422468836419284
Lost,2ed5f591-ec93-41df-b953-f8bb6d937f1b,F.R.,0,F.R.,F.R.,16.666666666666664,0.009422468836419284
Nights,e564d7ac-2d11-4ff6-a72c-a1948b0d8743,F.R.,0,F.R.,F.R.,16.666666666666664,0.009422468836419284
Nikes,52daad04-c578-4053-8f36-d1e08fcb6e4f,F.R.,0,F.R.,F.R.,16.666666666666664,0.009422468836419284
Super Rich Kids,636d9df1-80dc-492f-91a5-88be5ca44147,F.R.,0,F.R.,F.R.,16.666666666666664,0.009422468836419284
White Ferrari,934e2126-19d2-486c-a33f-15a47b257140,F.R.,0,F.R.,F.R.,16.666666666666664,0.009422468836419284
Building the Barricade,eb1eb301-0783-46ec-a5d9-39afc2ec3bb7,Les Babacools,0,Les Babacools,Les Babacools,16.666666666666664,0.009355315996799618
Drink With Me,bfac206a-25f5-45aa-be2a-8391368b08a2,Les Babacools,0,Les Babacools,Les Babacools,16.666666666666664,0.009355315996799618
Epilogue (Finale),d9c11984-2e3c-4694-b5fd-bca0969e7ef3,Les Babacools,0,Les Babacools,Les Babacools,16.666666666666664,0.009355315996799618
Little People,33b0aed1-df22-43f3-85dc-1c1886f0d1d9,Les Babacools,0,Les Babacools,Les Babacools,16.666666666666664,0.009355315996799618
Look Down,14b93007-8830-4594-9a22-b490c05e9ebd,Les Babacools,0,Les Babacools,Les Babacools,16.666666666666664,0.009355315996799618
Master of the House,a5fe2e05-cb98-4541-bb10-e8df8ef15da0,Les Babacools,0,Les Babacools,Les Babacools,16.666666666666664,0.009355315996799618
The Robbery / Javert’s Intervention (Another Brawl),c7b9d14a-2146-4627-8323-b0ef37f519ec,Les Babacools,0,Les Babacools,Les Babacools,16.666666666666664,0.009355315996799618
Wedding Chorale / Beggars at the Feast,35f54ebe-f49c-47ff-bdde-eb85d231ae77,Les Babacools,0,Les Babacools,Les Babacools,16.666666666666664,0.009355315996799618
Castles Made of Sand,b7d0f7d8-156c-4077-8ead-4bba6f7bfb1e,The Ji,0,The Ji,The Ji,16.666666666666664,0.009230399911757559
Foxey Lady,775ac225-f983-49a5-a349-9a6983c06557,The Ji,0,The Ji,The Ji,16.666666666666664,0.009230399911757559
Hey Joe,93520a60-d7df-41b4-86ea-abf8f8066ba3,The Ji,0,The Ji,The Ji,16.666666666666664,0.009230399911757559
Manic Depression,f6ad6448-6c75-476a-8fb0-135ec4631794,The Ji,0,The Ji,The Ji,16.666666666666664,0.009230399911757559
Red House,369a6e34-61ab-4f25-8af8-7e2d99d488b4,The Ji,0,The Ji,The Ji,16.666666666666664,0.009230399911757559
Voodoo Child (Slight Return),f3d3dc3b-7d3d-405b-93f1-7c616f58deef,The Ji,0,The Ji,The Ji,16.666666666666664,0.009230399911757559
Voodoo Chile,5f5456cb-9a10-44a4-afef-535432e7ef81,The Ji,0,The Ji,The Ji,16.666666666666664,0.009230399911757559
:( (sad face),36c7579a-04d4-4981-a699-405049953b19,Bahar,0,Bahar,Bahar,16.666666666666664,0.008730868168640882
California,3c8cf89e-7c76-40c7-a991-87344667598b,Bahar,0,Bahar,Bahar,16.666666666666664,0.008730868168640882
Chasers,fd5115f3-b0a7-4de8-9992-52aca21037f0,Bahar,0,Bahar,Bahar,16.666666666666664,0.008730868168640882
Dancing On the Sun,a031c3b0-6fe5-411d-92aa-71f34a3691dc,Bahar,0,Bahar,Bahar,16.666666666666664,0.008730868168640882
Fucked Up,b51c2384-3949-4d8c-97d4-8c6d0f06cdd4,Bahar,0,Bahar,Bahar,16.666666666666664,0.008730868168640882
Gameboy,aedad5b9-9ba5-435a-9b6a-e0256c2e44ab,Bahar,0,Bahar,Bahar,16.666666666666664,0.008730868168640882
Savage,35b6f34b-838a-4214-9251-373e523bb847,Bahar,0,Bahar,Bahar,16.666666666666664,0.008730868168640882
Savage (Nightcore Remix),dc6e3ae2-185f-493d-9134-25f8f5026854,Bahar,0,Bahar,Bahar,16.666666666666664,0.008730868168640882
Don’t Go There,dd8e5906-7f8a-456a-aaac-a1e277626437,MOK,0,MOK,MOK,16.666666666666664,0.007923063356429338
He’s Mine,6fd7ca73-1f3b-401c-8092-ac6069ccd8b3,MOK,0,MOK,MOK,16.666666666666664,0.007923063356429338
I Got Him All The Time (He’s Mine Remix),5eafab8e-cd76-47e2-abc8-d3917d927432,MOK,0,MOK,MOK,16.666666666666664,0.007923063356429338
It Happens,b3312080-fb1c-4b65-a3a7-e15dacf43d60,MOK,0,MOK,MOK,16.666666666666664,0.007923063356429338
Just Be Gentle,8bebcc77-3376-4462-9513-711807d20349,MOK,0,MOK,MOK,16.666666666666664,0.007923063356429338
Laid Back (Clean Version),bc5ae620-b087-45c9-99b3-bc6b33c9053f,MOK,0,MOK,MOK,16.666666666666664,0.007923063356429338
Sex in the Rain,e01d638c-2158-4202-b7df-cc1582c5bee8,MOK,0,MOK,MOK,16.666666666666664,0.007923063356429338
is it koolz,9708ee16-b075-4759-a261-71a1cc7ac5ce,MOK,0,MOK,MOK,16.666666666666664,0.007923063356429338
Africans,a4f486ca-6f0d-4097-9ea3-cc0d09dd812b,Nneka,0,Nneka,Nneka,16.666666666666664,0.007413337705656886
God of Mercy,0779ab12-7ea2-4159-bc8d-af28c064d278,Nneka,0,Nneka,Nneka,16.666666666666664,0.007413337705656886
Heartbeat,724e98d9-8eec-4546-81eb-21f0b197f924,Nneka,0,Nneka,Nneka,16.666666666666664,0.007413337705656886
Lucifer (No Doubt),a81fe12e-c907-4fe4-9dfd-23c70fa08144,Nneka,0,Nneka,Nneka,16.666666666666664,0.007413337705656886
My Home,b7be48cb-dd24-4d65-b51e-eaf95420167e,Nneka,0,Nneka,Nneka,16.666666666666664,0.007413337705656886
Shining Star (Joe Goddard Remix),9309d29a-8f28-47fd-8e12-62a93087038d,Nneka,0,Nneka,Nneka,16.666666666666664,0.007413337705656886
Soul Is Heavy,f76ca42b-ff40-447f-aa39-c7a45d5dec54,Nneka,0,Nneka,Nneka,16.666666666666664,0.007413337705656886
Walking,8d10a190-ac27-4983-a8d1-8ed053fa7d11,Nneka,0,Nneka,Nneka,16.666666666666664,0.007413337705656886
Fool Me,ab3688f0-8f85-43e2-9905-a557bb2e8326,Sons of Gastarbeita,0,Sons of Gastarbeita,Sons of Gastarbeita,16.666666666666664,0.006746063590981066
Hold on,663382e4-9c1e-4271-9204-4e2b24fde17a,Sons of Gastarbeita,0,Sons of Gastarbeita,Sons of Gastarbeita,16.666666666666664,0.006746063590981066
Into The Sun (EP Version),f4d97c06-55cc-48fe-9c13-e933b6326d76,Sons of Gastarbeita,0,Sons of Gastarbeita,Sons of Gastarbeita,16.666666666666664,0.006746063590981066
It Must Be Luck,17b1f947-0af3-4488-ba7d-4016e686e5de,Sons of Gastarbeita,0,Sons of Gastarbeita,Sons of Gastarbeita,16.666666666666664,0.006746063590981066
Lost Cause,1482c5a7-cecf-453f-90f5-0f39bf0cee77,Sons of Gastarbeita,0,Sons of Gastarbeita,Sons of Gastarbeita,16.666666666666664,0.006746063590981066
On My Way,1809874b-5f9a-46e4-9943-3a9931422ccb,Sons of Gastarbeita,0,Sons of Gastarbeita,Sons of Gastarbeita,16.666666666666664,0.006746063590981066
Rescue Me,27ee3175-e7a8-4a06-a29e-456004426194,Sons of Gastarbeita,0,Sons of Gastarbeita,Sons of Gastarbeita,16.666666666666664,0.006746063590981066
You Might Think,df0439c3-4e18-471a-bc54-dc7fe966c945,Sons of Gastarbeita,0,Sons of Gastarbeita,Sons of Gastarbeita,16.666666666666664,0.006746063590981066
808martinsfeld w/ D.n. Hürter,32192754-abd7-4ada-8c43-e0e433a33a9d,Hubert Daviz,0,Hubert Daviz,Hubert Daviz,16.666666666666664,0.0
Boardwalk drive,ba47ad54-4438-44a5-b09e-4f6ae748cb59,Hubert Daviz,0,Hubert Daviz,Hubert Daviz,16.666666666666664,0.0
Do.dzo,47e840ab-59dc-43b6-a97a-679b5bc4df18,Hubert Daviz,0,Hubert Daviz,Hubert Daviz,16.666666666666664,0.0
DropDice 101,8359bd05-28ac-4b2e-926a-2d9c84253766,Hubert Daviz,0,Hubert Daviz,Hubert Daviz,16.666666666666664,0.0
Keep & grind,8c74d5ad-d5d2-420b-bbaf-c110e9886555,Hubert Daviz,0,Hubert Daviz,Hubert Daviz,16.666666666666664,0.0
"Know Pain, Know Gain (Ode to Beatmojo)",d3a98081-9783-403e-96a8-e67b8bff4f18,Hubert Daviz,0,Hubert Daviz,Hubert Daviz,16.666666666666664,0.0
Mounting point :intro,e5068d20-3271-4a20-93eb-307cf4882439,Hubert Daviz,0,Hubert Daviz,Hubert Daviz,16.666666666666664,0.0
Osmo,35d54561-ecea-40cd-8965-b5c9f468fca0,Hubert Daviz,0,Hubert Daviz,Hubert Daviz,16.666666666666664,0.0
